사고부문,사고번호,사고일시,요일,시군구,사고내용,사망자수,중상자수,경상자수,부상신고자수,사고유형,법규위반,노면상태,기상상태,도로형태,가해운전자 차종,가해운전자 성별,가해운전자 연령,가해운전자 상해정도,피해운전자 차종,피해운전자 성별,피해운전자 연령,피해운전자 상해정도
어린이사고,2021022100100153,2021년 2월 21일 14시,일요일,부산광역시 중구 신창동3가,경상사고,0,0,1,0,차대사람 - 기타,안전운전불이행,건조,맑음,단일로 - 기타,승용,남,69세,상해없음,보행자,남,10세,경상
어린이사고,2.02102E+15,2021년 2월 22일 15시,월요일,부산광역시 동구 좌천동,중상사고,0,1,0,0,차대사람 - 기타,보행자보호의무위반,건조,맑음,단일로 - 기타,승용,남,40세,상해없음,보행자,여,6세,중상
어린이사고,2021022200100314,2021년 2월 22일 15시,월요일,부산광역시 강서구 명지동,중상사고,0,1,3,0,차대차 - 측면충돌,안전운전불이행,건조,맑음,교차로 - 교차로안,승용,여,41세,상해없음,화물,남,35세,기타불명
어린이사고,2021022400100223,2021년 2월 24일 14시,수요일,부산광역시 사하구 다대동,경상사고,0,0,2,0,차대차 - 기타,안전운전불이행,건조,맑음,단일로 - 기타,승용,남,75세,상해없음,승용,여,37세,경상
어린이사고,2021022400100434,2021년 2월 24일 20시,수요일,부산광역시 기장군 일광면,경상사고,0,0,4,0,차대차 - 추돌,안전운전불이행,건조,맑음,교차로 - 교차로안,승용,남,57세,상해없음,승용,남,60세,경상
어린이사고,2021030200100236,2021년 3월 2일 14시,화요일,부산광역시 수영구 수영동,중상사고,0,1,0,0,차대사람 - 보도통행중,안전운전불이행,건조,맑음,단일로 - 기타,화물,남,42세,상해없음,보행자,남,10세,중상
어린이사고,2021030200100422,2021년 3월 2일 19시,화요일,부산광역시 사하구 장림동,경상사고,0,0,2,2,차대차 - 기타,신호위반,건조,맑음,교차로 - 교차로부근,승용,남,53세,상해없음,승용,남,37세,경상
어린이사고,2021030400100336,2021년 3월 4일 18시,목요일,부산광역시 강서구 신호동,경상사고,0,0,1,0,차대차 - 측면충돌,안전운전불이행,젖음/습기,비,교차로 - 교차로부근,승용,남,47세,상해없음,자전거,남,11세,경상
어린이사고,2.02103E+15,2021년 3월 5일 15시,금요일,부산광역시 북구 구포동,경상사고,0,0,1,0,차대사람 - 기타,안전운전불이행,건조,맑음,단일로 - 기타,승용,여,50세,상해없음,보행자,여,9세,경상
어린이사고,2021030500100473,2021년 3월 5일 19시,금요일,부산광역시 기장군 기장읍,경상사고,0,0,1,0,차대차 - 추돌,안전운전불이행,건조,맑음,기타 - 기타,승용,남,57세,상해없음,자전거,남,11세,경상
어린이사고,2021030700100004,2021년 3월 7일 00시,일요일,부산광역시 부산진구 가야동,경상사고,0,0,5,0,차대차 - 측면충돌,신호위반,건조,맑음,교차로 - 교차로안,승용,남,69세,상해없음,승용,남,39세,경상
어린이사고,2021030700100042,2021년 3월 7일 08시,일요일,부산광역시 북구 구포동,중상사고,0,1,3,0,차대차 - 측면충돌,차로위반,건조,맑음,단일로 - 기타,이륜,남,23세,중상,승용,남,37세,경상
어린이사고,2021030700100096,2021년 3월 7일 12시,일요일,부산광역시 기장군 기장읍,경상사고,0,0,5,0,차대차 - 기타,안전운전불이행,건조,맑음,교차로 - 교차로안,승용,여,31세,경상,승용,남,32세,경상
어린이사고,2021031000100075,2021년 3월 10일 08시,수요일,부산광역시 해운대구 반여동,부상신고사고,0,0,0,1,차대사람 - 기타,안전운전불이행,건조,맑음,교차로 - 교차로횡단보도내,화물,남,60세,상해없음,보행자,남,12세,부상신고
어린이사고,2021031100100418,2021년 3월 11일 19시,목요일,부산광역시 기장군 철마면,중상사고,0,1,3,0,차대차 - 추돌,안전운전불이행,건조,맑음,단일로 - 기타,승용,남,47세,상해없음,승용,남,41세,경상
어린이사고,2021031200100176,2021년 3월 12일 12시,금요일,부산광역시 강서구 신호동,경상사고,0,0,5,0,차대차 - 기타,신호위반,젖음/습기,비,교차로 - 교차로안,승용,남,52세,기타불명,승용,남,31세,경상
어린이사고,2021031200100444,2021년 3월 12일 19시,금요일,부산광역시 해운대구 우동,중상사고,0,1,2,0,차대차 - 추돌,안전거리미확보,건조,맑음,단일로 - 교량,승용,남,25세,상해없음,승용,여,45세,중상
어린이사고,2021031300100264,2021년 3월 13일 14시,토요일,부산광역시 강서구 송정동,경상사고,0,0,3,0,차대차 - 추돌,안전운전불이행,건조,맑음,교차로 - 교차로부근,화물,남,41세,상해없음,승용,남,38세,경상
어린이사고,2021031400100186,2021년 3월 14일 15시,일요일,부산광역시 부산진구 부전동,경상사고,0,0,1,0,차대차 - 추돌,안전거리미확보,건조,맑음,교차로 - 교차로안,화물,남,22세,상해없음,승용,여,41세,상해없음
어린이사고,2021031400100306,2021년 3월 14일 19시,일요일,부산광역시 해운대구 우동,경상사고,0,0,2,0,차대차 - 추돌,안전운전불이행,건조,맑음,교차로 - 교차로부근,승용,남,64세,상해없음,승용,여,46세,경상
어린이사고,2021031500100292,2021년 3월 15일 15시,월요일,부산광역시 해운대구 좌동,경상사고,0,0,1,0,차대차 - 정면충돌,안전운전불이행,건조,맑음,단일로 - 기타,승합,여,44세,기타불명,자전거,남,9세,경상
어린이사고,2021031500100406,2021년 3월 15일 18시,월요일,부산광역시 동래구 명장동,경상사고,0,0,1,0,차대사람 - 횡단중,안전운전불이행,건조,맑음,단일로 - 기타,화물,남,28세,상해없음,보행자,남,4세,경상
어린이사고,2021031600100263,2021년 3월 16일 13시,화요일,부산광역시 동래구 사직동,중상사고,0,1,0,0,차대사람 - 횡단중,보행자보호의무위반,건조,맑음,교차로 - 교차로안,승합,남,69세,상해없음,보행자,여,9세,중상
어린이사고,2021031600100363,2021년 3월 16일 16시,화요일,부산광역시 기장군 정관읍,경상사고,0,0,3,0,차대차 - 측면충돌,신호위반,건조,맑음,교차로 - 교차로안,승용,남,49세,기타불명,승용,여,43세,경상
어린이사고,2021031800100255,2021년 3월 18일 14시,목요일,부산광역시 연제구 연산동,경상사고,0,0,2,1,차대차 - 추돌,안전운전불이행,건조,맑음,단일로 - 기타,승용,남,54세,상해없음,승용,여,35세,경상
어린이사고,2021031900100308,2021년 3월 19일 15시,금요일,부산광역시 부산진구 개금동,중상사고,0,2,4,0,차대차 - 추돌,안전거리미확보,건조,맑음,단일로 - 기타,승용,남,67세,상해없음,승용,여,41세,경상
어린이사고,2021031900100393,2021년 3월 19일 17시,금요일,부산광역시 해운대구 반송동,중상사고,0,1,0,1,차대사람 - 횡단중,신호위반,건조,맑음,단일로 - 기타,이륜,남,45세,부상신고,보행자,여,10세,중상
어린이사고,2021032000100153,2021년 3월 20일 12시,토요일,부산광역시 부산진구 전포동,중상사고,0,1,0,0,차대사람 - 횡단중,보행자보호의무위반,젖음/습기,비,단일로 - 기타,화물,남,48세,상해없음,보행자,여,10세,중상
어린이사고,2021032000100289,2021년 3월 20일 16시,토요일,부산광역시 강서구 대저1동,중상사고,0,2,1,0,차대차 - 기타,안전운전불이행,젖음/습기,비,단일로 - 기타,승용,남,56세,상해없음,승용,남,42세,중상
어린이사고,2021032100100159,2021년 3월 21일 14시,일요일,부산광역시 강서구 명지동,부상신고사고,0,0,0,1,차대차 - 측면충돌,안전운전불이행,건조,맑음,교차로 - 교차로부근,자전거,남,7세,부상신고,화물,남,58세,기타불명
어린이사고,2021032100100302,2021년 3월 21일 18시,일요일,부산광역시 해운대구 우동,부상신고사고,0,0,0,4,차대차 - 측면충돌,교차로운행방법위반,건조,맑음,교차로 - 교차로안,승용,남,30세,상해없음,승용,남,36세,부상신고
어린이사고,2021032200100394,2021년 3월 22일 17시,월요일,부산광역시 연제구 거제동,경상사고,0,0,1,0,차대사람 - 횡단중,보행자보호의무위반,건조,맑음,교차로 - 교차로부근,승용,여,36세,상해없음,보행자,남,8세,경상
어린이사고,2021032400100226,2021년 3월 24일 13시,수요일,부산광역시 수영구 광안동,경상사고,0,0,1,0,차대사람 - 보도통행중,보행자보호의무위반,건조,맑음,기타 - 기타,화물,남,64세,상해없음,보행자,여,7세,경상
어린이사고,2021032500100513,2021년 3월 25일 20시,목요일,부산광역시 부산진구 당감동,경상사고,0,0,1,0,차대사람 - 차도통행중,안전운전불이행,건조,맑음,교차로 - 교차로부근,이륜,남,17세,상해없음,보행자,남,8세,경상
어린이사고,2021032600100124,2021년 3월 26일 09시,금요일,부산광역시 강서구 명지동,경상사고,0,0,2,0,차대차 - 측면충돌,안전운전불이행,건조,맑음,단일로 - 기타,승용,여,31세,상해없음,승용,여,36세,경상
어린이사고,2021032600100357,2021년 3월 26일 16시,금요일,부산광역시 동래구 낙민동,중상사고,0,1,0,0,차대사람 - 횡단중,보행자보호의무위반,건조,맑음,단일로 - 기타,승용,여,52세,상해없음,보행자,여,9세,중상
어린이사고,2021032600100405,2021년 3월 26일 17시,금요일,부산광역시 금정구 부곡동,경상사고,0,0,1,0,차대사람 - 횡단중,보행자보호의무위반,건조,맑음,단일로 - 기타,승용,남,63세,상해없음,보행자,여,11세,경상
어린이사고,2021032700100391,2021년 3월 27일 17시,토요일,부산광역시 동래구 안락동,경상사고,0,0,5,0,차대차 - 기타,교차로운행방법위반,건조,맑음,교차로 - 교차로안,승용,남,60세,상해없음,승용,남,38세,경상
어린이사고,2021032800100148,2021년 3월 28일 12시,일요일,부산광역시 수영구 광안동,경상사고,0,0,3,5,차대차 - 측면충돌,교차로운행방법위반,건조,맑음,교차로 - 교차로안,승용,남,38세,부상신고,승용,남,39세,경상
어린이사고,2021032800100214,2021년 3월 28일 14시,일요일,부산광역시 사하구 괴정동,중상사고,0,2,0,0,차대차 - 측면충돌,교차로운행방법위반,건조,맑음,교차로 - 교차로안,승용,남,76세,상해없음,승용,여,49세,중상
어린이사고,2021032900100316,2021년 3월 29일 14시,월요일,부산광역시 중구 영주동,중상사고,0,1,0,0,차대사람 - 횡단중,안전운전불이행,건조,맑음,단일로 - 기타,승용,남,55세,상해없음,보행자,남,10세,중상
어린이사고,2021040200100356,2021년 4월 2일 16시,금요일,부산광역시 금정구 장전동,경상사고,0,0,3,0,차대차 - 측면충돌,직진우회전진행방해,건조,맑음,교차로 - 교차로안,승용,여,40세,경상,원동기,남,36세,경상
어린이사고,2021040300100297,2021년 4월 3일 15시,토요일,부산광역시 강서구 대저1동,중상사고,0,1,2,0,차대차 - 추돌,안전운전불이행,건조,맑음,단일로 - 기타,건설기계,남,34세,상해없음,승용,남,32세,경상
어린이사고,2021040400100213,2021년 4월 4일 15시,일요일,부산광역시 부산진구 전포동,경상사고,0,0,3,0,차대차 - 추돌,안전운전불이행,건조,맑음,교차로 - 교차로부근,승합,남,40세,상해없음,승용,남,41세,경상
어린이사고,2021040500100355,2021년 4월 5일 15시,월요일,부산광역시 영도구 봉래동5가,경상사고,0,0,1,1,차대차 - 추돌,안전거리미확보,건조,맑음,단일로 - 기타,승용,남,69세,상해없음,승용,남,43세,경상
어린이사고,2021040500100537,2021년 4월 5일 19시,월요일,부산광역시 북구 금곡동,경상사고,0,0,3,0,차대차 - 추돌,안전운전불이행,건조,맑음,단일로 - 기타,이륜,남,54세,상해없음,승용,남,36세,경상
어린이사고,2021040600100077,2021년 4월 6일 08시,화요일,부산광역시 수영구 망미동,중상사고,0,1,0,0,차대사람 - 횡단중,보행자보호의무위반,건조,맑음,단일로 - 기타,자전거,남,57세,상해없음,보행자,남,12세,중상
어린이사고,2021040900100321,2021년 4월 9일 15시,금요일,부산광역시 금정구 장전동,경상사고,0,0,1,0,차대사람 - 횡단중,신호위반,건조,맑음,교차로 - 교차로횡단보도내,승용,여,38세,상해없음,보행자,남,8세,경상
어린이사고,2021040900100417,2021년 4월 9일 17시,금요일,부산광역시 동래구 온천동,경상사고,0,0,2,0,차대차 - 추돌,안전운전불이행,건조,맑음,단일로 - 기타,승용,남,29세,상해없음,승용,여,33세,경상
어린이사고,2021040900100422,2021년 4월 9일 17시,금요일,부산광역시 강서구 명지동,중상사고,0,1,0,0,차대사람 - 횡단중,신호위반,건조,맑음,단일로 - 기타,이륜,남,19세,상해없음,보행자,남,9세,중상
어린이사고,2021040900100591,2021년 4월 9일 21시,금요일,부산광역시 동구 좌천동,경상사고,0,0,3,0,차대차 - 기타,신호위반,건조,맑음,단일로 - 기타,기타불명,기타불명,미분류,기타불명,특수,남,48세,경상
어린이사고,2021041000100321,2021년 4월 10일 15시,토요일,부산광역시 동구 범일동,경상사고,0,0,5,0,차대차 - 측면충돌,차로위반,건조,맑음,단일로 - 기타,승용,여,38세,경상,승용,남,32세,경상
어린이사고,2021041100100088,2021년 4월 11일 10시,일요일,부산광역시 수영구 민락동,경상사고,0,0,1,0,차대사람 - 횡단중,신호위반,건조,맑음,단일로 - 기타,승용,남,59세,상해없음,보행자,남,8세,경상
어린이사고,2021041100100363,2021년 4월 11일 18시,일요일,부산광역시 부산진구 초읍동,경상사고,0,0,3,0,차대차 - 기타,안전운전불이행,건조,맑음,교차로 - 교차로안,승용,남,42세,상해없음,승용,남,37세,경상
어린이사고,2021041300100346,2021년 4월 13일 16시,화요일,부산광역시 사하구 감천동,경상사고,0,0,1,0,차대사람 - 기타,안전운전불이행,건조,맑음,단일로 - 지하차도(도로)내,승용,남,69세,상해없음,보행자,남,9세,경상
어린이사고,2021041400100177,2021년 4월 14일 12시,수요일,부산광역시 강서구 송정동,중상사고,0,2,2,0,차대차 - 정면충돌,중앙선침범,건조,맑음,단일로 - 기타,승용,남,33세,기타불명,승용,남,48세,중상
어린이사고,2.02104E+15,2021년 4월 14일 13시,수요일,부산광역시 연제구 연산동,경상사고,0,0,1,0,차대사람 - 횡단중,안전운전불이행,건조,맑음,기타 - 기타,승용,남,71세,상해없음,보행자,남,6세,경상
어린이사고,2021041500100106,2021년 4월 15일 09시,목요일,부산광역시 수영구 광안동,경상사고,0,0,2,1,차대차 - 추돌,안전운전불이행,건조,맑음,단일로 - 기타,승용,여,53세,상해없음,승용,여,40세,경상
어린이사고,2021041700100278,2021년 4월 17일 14시,토요일,부산광역시 기장군 기장읍,경상사고,0,0,3,2,차대차 - 추돌,안전운전불이행,건조,맑음,교차로 - 교차로부근,승용,남,71세,상해없음,승용,여,35세,경상
어린이사고,2021041700100373,2021년 4월 17일 16시,토요일,부산광역시 해운대구 반송동,중상사고,0,2,1,3,차대차 - 정면충돌,신호위반,건조,맑음,교차로 - 교차로안,승용,여,40세,부상신고,승용,남,60세,중상
어린이사고,2021041700100566,2021년 4월 17일 22시,토요일,부산광역시 해운대구 우동,부상신고사고,0,0,0,1,차대사람 - 기타,안전운전불이행,건조,맑음,단일로 - 기타,자전거,기타불명,미분류,기타불명,보행자,여,6세,부상신고
어린이사고,2021041800100263,2021년 4월 18일 17시,일요일,부산광역시 부산진구 범천동,경상사고,0,0,1,0,차대사람 - 기타,안전운전불이행,건조,기타,기타 - 기타,승용,남,77세,상해없음,보행자,남,12세,경상
어린이사고,2021041800100297,2021년 4월 18일 18시,일요일,부산광역시 금정구 부곡동,경상사고,0,0,2,0,차대차 - 추돌,안전거리미확보,건조,맑음,단일로 - 기타,승용,남,61세,상해없음,승용,남,33세,상해없음
어린이사고,2021041900100076,2021년 4월 19일 08시,월요일,부산광역시 남구 감만동,경상사고,0,0,3,0,차대차 - 정면충돌,안전운전불이행,건조,맑음,단일로 - 기타,화물,남,53세,상해없음,승용,여,42세,경상
어린이사고,2021041900100077,2021년 4월 19일 08시,월요일,부산광역시 부산진구 범전동,경상사고,0,0,5,0,차대차 - 기타,안전운전불이행,건조,맑음,교차로 - 교차로안,승용,남,51세,상해없음,승용,여,66세,경상
어린이사고,2021041900100225,2021년 4월 19일 12시,월요일,부산광역시 부산진구 당감동,경상사고,0,0,2,0,차대차 - 측면충돌,안전거리미확보,건조,맑음,교차로 - 교차로부근,화물,남,29세,상해없음,승용,여,37세,경상
어린이사고,2021041900100252,2021년 4월 19일 13시,월요일,부산광역시 부산진구 범천동,경상사고,0,0,1,0,차대사람 - 횡단중,보행자보호의무위반,건조,맑음,단일로 - 기타,승용,남,38세,상해없음,보행자,남,6세,경상
어린이사고,2021041900100253,2021년 4월 19일 13시,월요일,부산광역시 강서구 명지동,경상사고,0,0,1,0,차대사람 - 횡단중,신호위반,건조,맑음,교차로 - 교차로부근,승용,여,66세,상해없음,보행자,여,10세,경상
어린이사고,2.02104E+15,2021년 4월 20일 13시,화요일,부산광역시 강서구 명지동,경상사고,0,0,1,0,차대차 - 기타,안전운전불이행,건조,맑음,교차로 - 교차로부근,승용,여,43세,상해없음,자전거,남,11세,경상
어린이사고,2.02104E+15,2021년 4월 20일 19시,화요일,부산광역시 동래구 온천동,경상사고,0,0,4,0,차대차 - 측면충돌,안전운전불이행,건조,맑음,교차로 - 교차로안,승용,여,36세,상해없음,승용,남,66세,경상
어린이사고,2021042300100074,2021년 4월 23일 08시,금요일,부산광역시 기장군 기장읍,경상사고,0,0,3,0,차대차 - 추돌,안전운전불이행,건조,맑음,교차로 - 교차로부근,승합,여,55세,상해없음,승용,여,42세,경상
어린이사고,2021042300100111,2021년 4월 23일 09시,금요일,부산광역시 해운대구 중동,경상사고,0,0,2,0,차대차 - 측면충돌,안전운전불이행,건조,맑음,단일로 - 기타,승용,여,54세,상해없음,승용,여,32세,경상
어린이사고,2021042400100115,2021년 4월 24일 10시,토요일,부산광역시 동래구 사직동,중상사고,0,1,0,0,차대차 - 측면충돌,안전운전불이행,건조,맑음,교차로 - 교차로안,자전거,남,12세,중상,승용,여,26세,상해없음
어린이사고,2021042400100196,2021년 4월 24일 12시,토요일,부산광역시 금정구 금사동,경상사고,0,0,9,0,차대차 - 측면충돌,직진우회전진행방해,건조,맑음,교차로 - 교차로안,승용,여,55세,상해없음,승합,여,24세,경상
어린이사고,2021042400100434,2021년 4월 24일 18시,토요일,부산광역시 금정구 부곡동,경상사고,0,0,2,3,차대차 - 추돌,안전운전불이행,건조,맑음,기타 - 기타,승용,남,39세,상해없음,승용,남,32세,경상
어린이사고,2021042500100104,2021년 4월 25일 11시,일요일,부산광역시 동래구 명장동,경상사고,0,0,4,0,차대차 - 측면충돌,교차로운행방법위반,건조,맑음,교차로 - 교차로안,승용,남,28세,상해없음,승용,남,40세,경상
어린이사고,2021042500100336,2021년 4월 25일 17시,일요일,부산광역시 북구 화명동,경상사고,0,0,1,0,차대차 - 측면충돌,기타,건조,맑음,교차로 - 교차로횡단보도내,화물,남,37세,상해없음,자전거,남,12세,경상
어린이사고,2021042500100406,2021년 4월 25일 19시,일요일,부산광역시 해운대구 재송동,부상신고사고,0,0,0,4,차대차 - 측면충돌,안전거리미확보,건조,맑음,단일로 - 기타,승용,남,61세,상해없음,승용,남,42세,부상신고
어린이사고,2021042600100301,2021년 4월 26일 14시,월요일,부산광역시 남구 용호동,경상사고,0,0,2,0,차대차 - 기타,안전운전불이행,건조,맑음,단일로 - 기타,승합,남,62세,상해없음,승용,여,38세,경상
어린이사고,2021042700100041,2021년 4월 27일 07시,화요일,부산광역시 연제구 연산동,경상사고,0,0,3,0,차대차 - 측면충돌,안전거리미확보,건조,맑음,교차로 - 교차로부근,승용,여,46세,상해없음,승용,남,33세,경상
어린이사고,2021042700100456,2021년 4월 27일 19시,화요일,부산광역시 중구 보수동3가,중상사고,0,1,0,0,차대사람 - 차도통행중,안전운전불이행,건조,맑음,교차로 - 교차로부근,승용,남,59세,상해없음,보행자,남,8세,중상
어린이사고,2021042800100297,2021년 4월 28일 15시,수요일,부산광역시 동래구 명장동,경상사고,0,0,2,0,차대차 - 후진중충돌,안전운전불이행,건조,맑음,단일로 - 기타,승용,여,52세,상해없음,승용,여,40세,경상
어린이사고,2021042800100298,2021년 4월 28일 15시,수요일,부산광역시 동래구 명륜동,경상사고,0,0,4,0,차대차 - 측면충돌,안전운전불이행,건조,맑음,단일로 - 기타,승용,남,75세,상해없음,승용,여,31세,경상
어린이사고,2021042900100277,2021년 4월 29일 14시,목요일,부산광역시 동구 범일동,경상사고,0,0,1,0,차대차 - 측면충돌,교차로운행방법위반,건조,맑음,교차로 - 교차로안,승용,남,52세,상해없음,자전거,남,12세,경상
어린이사고,2021042900100313,2021년 4월 29일 15시,목요일,부산광역시 남구 용호동,경상사고,0,0,1,0,차대사람 - 보도통행중,안전운전불이행,건조,맑음,교차로 - 교차로안,승용,남,55세,상해없음,보행자,여,11세,경상
어린이사고,2.02105E+15,2021년 5월 1일 01시,토요일,부산광역시 사하구 신평동,중상사고,0,1,0,0,차량단독 - 공작물충돌,신호위반,젖음/습기,비,교차로 - 교차로안,승용,여,42세,상해없음,,,,
어린이사고,2021050100100112,2021년 5월 1일 10시,토요일,부산광역시 강서구 명지동,중상사고,0,1,7,1,차대차 - 추돌,안전운전불이행,건조,맑음,단일로 - 기타,승용,남,44세,상해없음,승용,남,32세,경상
어린이사고,2021050200100091,2021년 5월 2일 10시,일요일,부산광역시 사하구 다대동,경상사고,0,0,2,0,차대차 - 기타,안전운전불이행,건조,맑음,단일로 - 기타,승용,남,40세,상해없음,승용,남,29세,상해없음
어린이사고,2.02105E+15,2021년 5월 2일 17시,일요일,부산광역시 사하구 괴정동,경상사고,0,0,3,0,차대차 - 기타,안전운전불이행,건조,맑음,단일로 - 기타,승용,남,44세,상해없음,승용,남,49세,경상
어린이사고,2021050200100401,2021년 5월 2일 20시,일요일,부산광역시 사하구 신평동,경상사고,0,0,4,0,차대차 - 측면충돌,신호위반,건조,맑음,교차로 - 교차로안,승용,남,64세,상해없음,승용,여,34세,경상
어린이사고,2021050300100242,2021년 5월 3일 12시,월요일,부산광역시 남구 용호동,중상사고,0,1,0,0,차대사람 - 길가장자리구역통행중,안전운전불이행,건조,맑음,단일로 - 기타,기타불명,기타불명,미분류,기타불명,보행자,남,9세,중상
어린이사고,2021050400100249,2021년 5월 4일 14시,화요일,부산광역시 사하구 감천동,경상사고,0,0,1,0,차대사람 - 기타,안전운전불이행,건조,맑음,단일로 - 기타,승합,남,46세,상해없음,보행자,여,8세,경상
어린이사고,2021050600100067,2021년 5월 6일 08시,목요일,부산광역시 연제구 연산동,경상사고,0,0,4,0,차대차 - 추돌,안전운전불이행,건조,맑음,단일로 - 기타,승용,남,30세,상해없음,승합,남,50세,경상
어린이사고,2.02105E+15,2021년 5월 7일 15시,금요일,부산광역시 영도구 영선동1가,중상사고,0,1,0,0,차대사람 - 횡단중,보행자보호의무위반,건조,맑음,교차로 - 교차로횡단보도내,승용,여,48세,상해없음,보행자,남,9세,중상
어린이사고,2021050800100157,2021년 5월 8일 11시,토요일,부산광역시 해운대구 반송동,경상사고,0,0,1,0,차대사람 - 차도통행중,보행자보호의무위반,건조,맑음,교차로 - 교차로횡단보도내,이륜,남,62세,상해없음,보행자,남,7세,경상
어린이사고,2021050800100342,2021년 5월 8일 15시,토요일,부산광역시 수영구 남천동,경상사고,0,0,2,0,차대차 - 측면충돌,안전운전불이행,건조,맑음,교차로 - 교차로안,승용,남,30세,상해없음,승용,남,44세,경상
어린이사고,2021050900100121,2021년 5월 9일 11시,일요일,부산광역시 사하구 하단동,경상사고,0,0,4,0,차대차 - 기타,안전운전불이행,건조,맑음,단일로 - 기타,승용,여,62세,경상,승용,남,37세,경상
어린이사고,2021051000100211,2021년 5월 10일 13시,월요일,부산광역시 해운대구 우동,중상사고,0,2,1,0,차대차 - 측면충돌,교차로운행방법위반,건조,맑음,단일로 - 기타,승용,여,55세,기타불명,승용,여,64세,중상
어린이사고,2021051000100289,2021년 5월 10일 15시,월요일,부산광역시 동래구 명장동,중상사고,0,1,0,0,차대사람 - 기타,안전운전불이행,건조,맑음,교차로 - 교차로안,승용,여,40세,상해없음,보행자,남,8세,중상
어린이사고,2021051000100476,2021년 5월 10일 20시,월요일,부산광역시 해운대구 반여동,경상사고,0,0,1,0,차대사람 - 횡단중,보행자보호의무위반,건조,맑음,교차로 - 교차로횡단보도내,승용,남,70세,상해없음,보행자,남,7세,경상
어린이사고,2021051100100366,2021년 5월 11일 15시,화요일,부산광역시 수영구 남천동,경상사고,0,0,1,0,차대사람 - 횡단중,기타,건조,맑음,교차로 - 교차로안,승용,남,66세,상해없음,보행자,남,9세,경상
어린이사고,2021051500100159,2021년 5월 15일 11시,토요일,부산광역시 북구 화명동,경상사고,0,0,3,0,차대차 - 추돌,안전거리미확보,젖음/습기,비,단일로 - 기타,승용,남,50세,상해없음,승용,여,59세,경상
어린이사고,2021051500100319,2021년 5월 15일 15시,토요일,부산광역시 중구 보수동3가,중상사고,0,1,3,0,차대차 - 측면충돌,교차로운행방법위반,건조,맑음,교차로 - 교차로안,승용,남,63세,상해없음,승용,남,32세,경상
어린이사고,2.02105E+15,2021년 5월 15일 17시,토요일,부산광역시 기장군 기장읍,경상사고,0,0,4,0,차대차 - 기타,교차로운행방법위반,건조,맑음,교차로 - 교차로안,승용,남,79세,상해없음,승용,여,42세,경상
어린이사고,2021051700100133,2021년 5월 17일 10시,월요일,부산광역시 연제구 거제동,중상사고,0,1,1,0,차대사람 - 횡단중,보행자보호의무위반,젖음/습기,흐림,단일로 - 기타,승용,남,32세,상해없음,보행자,남,36세,경상
어린이사고,2021051700100382,2021년 5월 17일 18시,월요일,부산광역시 수영구 광안동,부상신고사고,0,0,0,1,차대사람 - 차도통행중,안전운전불이행,건조,맑음,단일로 - 기타,승용,남,53세,기타불명,보행자,남,9세,부상신고
어린이사고,2021051800100546,2021년 5월 18일 21시,화요일,부산광역시 해운대구 중동,경상사고,0,0,6,0,차대차 - 추돌,안전운전불이행,건조,맑음,교차로 - 교차로부근,승용,남,61세,상해없음,승용,여,55세,경상