사고부문,사고번호,사고일시,요일,시군구,사고내용,사망자수,중상자수,경상자수,부상신고자수,사고유형,법규위반,노면상태,기상상태,도로형태,가해운전자 차종,가해운전자 성별,가해운전자 연령,가해운전자 상해정도,피해운전자 차종,피해운전자 성별,피해운전자 연령,피해운전자 상해정도
어린이사고,2021051900100196,2021년 5월 19일 12시,수요일,부산광역시 부산진구 범천동,경상사고,0,0,1,0,차대사람 - 횡단중,보행자보호의무위반,건조,맑음,교차로 - 교차로안,승용,여,50세,상해없음,보행자,여,11세,경상
어린이사고,2021052000100409,2021년 5월 20일 19시,목요일,부산광역시 영도구 동삼동,경상사고,0,0,3,0,차대차 - 측면충돌,안전거리미확보,건조,맑음,단일로 - 기타,승용,남,28세,상해없음,승용,남,45세,경상
어린이사고,2021052100100293,2021년 5월 21일 15시,금요일,부산광역시 서구 서대신동3가,경상사고,0,0,3,8,차대차 - 정면충돌,중앙선침범,건조,맑음,교차로 - 교차로안,승용,여,49세,상해없음,승합,남,61세,경상
어린이사고,2021052100100469,2021년 5월 21일 19시,금요일,부산광역시 사상구 감전동,경상사고,0,0,4,0,차대차 - 측면충돌,신호위반,건조,맑음,교차로 - 교차로안,승용,남,60세,상해없음,승용,남,42세,경상
어린이사고,2021052300100186,2021년 5월 23일 14시,일요일,부산광역시 해운대구 송정동,경상사고,0,0,1,0,차대사람 - 기타,안전운전불이행,건조,맑음,단일로 - 기타,승용,여,55세,상해없음,보행자,남,6세,경상
어린이사고,2021052400100162,2021년 5월 24일 11시,월요일,부산광역시 사상구 엄궁동,경상사고,0,0,1,0,차대사람 - 횡단중,신호위반,건조,맑음,교차로 - 교차로부근,이륜,남,35세,상해없음,보행자,여,7세,경상
어린이사고,2021052400100336,2021년 5월 24일 16시,월요일,부산광역시 사하구 장림동,경상사고,0,0,4,0,차대차 - 기타,신호위반,건조,맑음,단일로 - 기타,이륜,남,56세,경상,승용,여,39세,경상
어린이사고,2021052400100337,2021년 5월 24일 16시,월요일,부산광역시 연제구 거제동,경상사고,0,0,1,0,차대사람 - 기타,보행자보호의무위반,건조,맑음,단일로 - 기타,이륜,남,26세,상해없음,보행자,여,7세,경상
어린이사고,2021052500100318,2021년 5월 25일 15시,화요일,부산광역시 동구 초량동,중상사고,0,1,0,0,차대사람 - 횡단중,신호위반,건조,맑음,교차로 - 교차로횡단보도내,화물,남,39세,상해없음,보행자,남,8세,중상
어린이사고,2.02105E+15,2021년 5월 27일 14시,목요일,부산광역시 수영구 광안동,경상사고,0,0,1,0,차대사람 - 기타,안전운전불이행,건조,맑음,단일로 - 기타,자전거,남,38세,상해없음,보행자,남,8세,경상
어린이사고,2021052700100337,2021년 5월 27일 16시,목요일,부산광역시 동래구 사직동,경상사고,0,0,1,0,차대사람 - 횡단중,기타,건조,맑음,단일로 - 기타,승용,남,68세,상해없음,보행자,남,9세,경상
어린이사고,2021052800100399,2021년 5월 28일 17시,금요일,부산광역시 남구 대연동,경상사고,0,0,2,0,차대차 - 측면충돌,안전운전불이행,젖음/습기,비,교차로 - 교차로안,승용,남,46세,기타불명,승용,여,39세,경상
어린이사고,2021052900100236,2021년 5월 29일 13시,토요일,부산광역시 금정구 부곡동,중상사고,0,1,2,1,차대차 - 추돌,안전운전불이행,건조,맑음,단일로 - 터널,화물,남,35세,상해없음,승용,남,31세,중상
어린이사고,2021052900100487,2021년 5월 29일 20시,토요일,부산광역시 동래구 온천동,경상사고,0,0,1,0,차대사람 - 차도통행중,안전운전불이행,건조,맑음,교차로 - 교차로안,이륜,남,58세,상해없음,보행자,남,8세,경상
어린이사고,2021053000100192,2021년 5월 30일 14시,일요일,부산광역시 동구 초량동,경상사고,0,0,2,0,차대차 - 측면충돌,안전거리미확보,건조,맑음,단일로 - 기타,승용,남,67세,상해없음,승용,남,44세,경상
어린이사고,2021053000100434,2021년 5월 30일 21시,일요일,부산광역시 동래구 사직동,중상사고,0,1,2,0,차대차 - 측면충돌,신호위반,건조,맑음,교차로 - 교차로안,승용,여,51세,상해없음,승용,남,45세,중상
어린이사고,2021053100100061,2021년 5월 31일 08시,월요일,부산광역시 사하구 당리동,중상사고,0,1,0,0,차대사람 - 기타,보행자보호의무위반,건조,맑음,단일로 - 기타,승용,여,34세,상해없음,보행자,여,9세,중상
어린이사고,2021060100100085,2021년 6월 1일 08시,화요일,부산광역시 강서구 대저2동,경상사고,0,0,1,0,차대사람 - 횡단중,기타,건조,맑음,교차로 - 교차로부근,승용,남,26세,상해없음,보행자,여,10세,경상
어린이사고,2021060100100157,2021년 6월 1일 10시,화요일,부산광역시 사상구 엄궁동,부상신고사고,0,0,0,3,차대차 - 추돌,안전운전불이행,건조,맑음,단일로 - 기타,승용,남,21세,상해없음,승용,여,33세,부상신고
어린이사고,2021060100100248,2021년 6월 1일 13시,화요일,부산광역시 연제구 연산동,경상사고,0,0,1,0,차대사람 - 횡단중,보행자보호의무위반,건조,맑음,교차로 - 교차로부근,승용,여,69세,상해없음,보행자,남,8세,경상
어린이사고,2021060100100291,2021년 6월 1일 14시,화요일,부산광역시 해운대구 우동,중상사고,0,1,0,0,차대사람 - 횡단중,보행자보호의무위반,건조,맑음,단일로 - 기타,승용,여,60세,상해없음,보행자,남,6세,중상
어린이사고,2021060100100293,2021년 6월 1일 14시,화요일,부산광역시 부산진구 부암동,경상사고,0,0,1,0,차대사람 - 기타,안전운전불이행,건조,맑음,단일로 - 기타,승용,남,62세,상해없음,보행자,여,8세,경상
어린이사고,2021060300100267,2021년 6월 3일 14시,목요일,부산광역시 서구 암남동,부상신고사고,0,0,0,1,차대사람 - 길가장자리구역통행중,안전운전불이행,젖음/습기,비,단일로 - 기타,승용,남,74세,상해없음,보행자,여,11세,부상신고
어린이사고,2021060400100029,2021년 6월 4일 04시,금요일,부산광역시 강서구 명지동,경상사고,0,0,1,0,차대사람 - 보도통행중,기타,건조,맑음,단일로 - 기타,자전거,여,32세,상해없음,보행자,여,4세,경상
어린이사고,2021060500100125,2021년 6월 5일 10시,토요일,부산광역시 영도구 대교동1가,경상사고,0,0,2,0,차대차 - 기타,안전거리미확보,건조,맑음,단일로 - 기타,승용,남,62세,상해없음,승합,남,43세,상해없음
어린이사고,2021060500100605,2021년 6월 5일 23시,토요일,부산광역시 부산진구 부전동,경상사고,0,0,2,0,차대사람 - 횡단중,보행자보호의무위반,건조,맑음,단일로 - 기타,이륜,남,37세,상해없음,보행자,여,38세,경상
어린이사고,2021060600100128,2021년 6월 6일 12시,일요일,부산광역시 기장군 기장읍,경상사고,0,0,6,0,차대차 - 기타,안전운전불이행,건조,맑음,교차로 - 교차로안,승용,여,38세,상해없음,승용,남,42세,경상
어린이사고,2021060600100218,2021년 6월 6일 15시,일요일,부산광역시 기장군 정관읍,경상사고,0,0,2,0,차대차 - 기타,차로위반,건조,맑음,단일로 - 기타,특수,남,44세,상해없음,승용,여,36세,경상
어린이사고,2021060700100234,2021년 6월 7일 13시,월요일,부산광역시 서구 서대신동3가,경상사고,0,0,1,0,차대사람 - 횡단중,보행자보호의무위반,건조,맑음,단일로 - 기타,승용,여,60세,상해없음,보행자,여,11세,경상
어린이사고,2021060700100345,2021년 6월 7일 16시,월요일,부산광역시 해운대구 반여동,중상사고,0,1,0,0,차대사람 - 횡단중,보행자보호의무위반,건조,맑음,교차로 - 교차로횡단보도내,승용,남,54세,상해없음,보행자,남,8세,중상
어린이사고,2021060700100346,2021년 6월 7일 16시,월요일,부산광역시 부산진구 부암동,경상사고,0,0,1,0,차대차 - 기타,안전운전불이행,건조,맑음,단일로 - 기타,승용,남,39세,상해없음,자전거,남,7세,경상
어린이사고,2021060800100253,2021년 6월 8일 13시,화요일,부산광역시 금정구 남산동,중상사고,0,1,0,0,차대사람 - 길가장자리구역통행중,보행자보호의무위반,건조,맑음,단일로 - 기타,승용,여,46세,상해없음,보행자,남,9세,중상
어린이사고,2021060800100254,2021년 6월 8일 13시,화요일,부산광역시 기장군 정관읍,경상사고,0,0,1,0,차대차 - 기타,안전운전불이행,건조,맑음,교차로 - 교차로안,승용,남,76세,상해없음,자전거,남,10세,경상
어린이사고,2021060900100351,2021년 6월 9일 16시,수요일,부산광역시 남구 용호동,경상사고,0,0,1,0,차대차 - 기타,안전운전불이행,건조,맑음,교차로 - 교차로안,승용,남,48세,상해없음,자전거,남,8세,경상
어린이사고,2021060900100352,2021년 6월 9일 16시,수요일,부산광역시 수영구 광안동,경상사고,0,0,2,0,차대차 - 기타,안전운전불이행,건조,맑음,교차로 - 교차로부근,건설기계,남,52세,상해없음,승용,여,42세,경상
어린이사고,2021060900100354,2021년 6월 9일 16시,수요일,부산광역시 해운대구 송정동,경상사고,0,0,1,0,차대사람 - 기타,기타,건조,맑음,단일로 - 기타,승용,여,62세,상해없음,보행자,남,8세,경상
어린이사고,2021061100100281,2021년 6월 11일 14시,금요일,부산광역시 동래구 사직동,경상사고,0,0,3,0,차대차 - 추돌,안전운전불이행,건조,맑음,교차로 - 교차로부근,화물,남,42세,상해없음,승용,여,40세,경상
어린이사고,2021061100100283,2021년 6월 11일 14시,금요일,부산광역시 부산진구 범천동,중상사고,0,1,0,0,차대사람 - 기타,안전운전불이행,젖음/습기,비,단일로 - 기타,승용,남,56세,상해없음,보행자,여,10세,중상
어린이사고,2021061100100323,2021년 6월 11일 15시,금요일,부산광역시 사하구 감천동,경상사고,0,0,1,0,차대사람 - 길가장자리구역통행중,안전운전불이행,젖음/습기,비,단일로 - 기타,승용,남,91세,상해없음,보행자,여,11세,경상
어린이사고,2021061100100365,2021년 6월 11일 16시,금요일,부산광역시 금정구 부곡동,경상사고,0,0,5,1,차대차 - 추돌,안전운전불이행,젖음/습기,맑음,단일로 - 기타,승용,여,25세,상해없음,승용,여,39세,경상
어린이사고,2.02106E+15,2021년 6월 12일 11시,토요일,부산광역시 동구 초량동,경상사고,0,0,2,0,차대차 - 측면충돌,교차로운행방법위반,건조,맑음,교차로 - 교차로안,승용,여,52세,상해없음,승용,남,48세,경상
어린이사고,2021061200100222,2021년 6월 12일 12시,토요일,부산광역시 해운대구 우동,경상사고,0,0,2,0,차대차 - 추돌,안전거리미확보,젖음/습기,비,단일로 - 기타,승용,여,37세,상해없음,승용,여,33세,경상
어린이사고,2.02106E+15,2021년 6월 12일 14시,토요일,부산광역시 연제구 거제동,경상사고,0,0,2,0,차대차 - 측면충돌,차로위반,건조,맑음,단일로 - 기타,승용,여,59세,상해없음,승용,여,38세,경상
어린이사고,2021061200100385,2021년 6월 12일 16시,토요일,부산광역시 기장군 기장읍,경상사고,0,0,5,0,차대차 - 기타,신호위반,젖음/습기,비,단일로 - 기타,승용,남,57세,상해없음,승용,여,41세,경상
어린이사고,2021061200100473,2021년 6월 12일 18시,토요일,부산광역시 사하구 괴정동,경상사고,0,0,3,0,차대차 - 측면충돌,교차로운행방법위반,건조,맑음,교차로 - 교차로안,승용,남,62세,상해없음,승용,여,39세,경상
어린이사고,2021061200100614,2021년 6월 12일 23시,토요일,부산광역시 부산진구 당감동,중상사고,0,1,1,0,차대차 - 추돌,안전운전불이행,젖음/습기,비,단일로 - 고가도로위,승용,남,60세,상해없음,승용,남,65세,중상
어린이사고,2021061300100196,2021년 6월 13일 14시,일요일,부산광역시 동래구 명장동,경상사고,0,0,2,0,차대사람 - 횡단중,보행자보호의무위반,건조,맑음,교차로 - 교차로안,승합,남,38세,기타불명,보행자,남,47세,경상
어린이사고,2021061300100315,2021년 6월 13일 17시,일요일,부산광역시 동래구 온천동,경상사고,0,0,1,0,차대사람 - 기타,안전운전불이행,건조,맑음,단일로 - 기타,화물,남,76세,상해없음,보행자,여,11세,경상
어린이사고,2021061300100349,2021년 6월 13일 18시,일요일,부산광역시 기장군 정관읍,경상사고,0,0,4,0,차대차 - 기타,안전운전불이행,건조,맑음,교차로 - 교차로안,이륜,남,21세,상해없음,승용,남,36세,경상
어린이사고,2021061300100469,2021년 6월 13일 23시,일요일,부산광역시 사상구 모라동,경상사고,0,0,4,0,차대차 - 추돌,안전운전불이행,건조,맑음,단일로 - 터널,승용,남,27세,상해없음,승용,여,42세,경상
어린이사고,2021061400100188,2021년 6월 14일 11시,월요일,부산광역시 해운대구 송정동,중상사고,0,1,4,0,차대차 - 추돌,안전운전불이행,건조,맑음,단일로 - 기타,화물,남,56세,기타불명,승용,남,50세,중상
어린이사고,2021061500100239,2021년 6월 15일 13시,화요일,부산광역시 연제구 거제동,부상신고사고,0,0,0,2,차대차 - 추돌,안전운전불이행,건조,맑음,교차로 - 교차로부근,승용,남,28세,상해없음,승용,여,36세,부상신고
어린이사고,2021061500100505,2021년 6월 15일 20시,화요일,부산광역시 금정구 부곡동,경상사고,0,0,4,0,차대차 - 측면충돌,안전운전불이행,젖음/습기,비,교차로 - 교차로안,승용,남,58세,상해없음,승용,남,33세,경상
어린이사고,2021061700100535,2021년 6월 17일 22시,목요일,부산광역시 해운대구 좌동,경상사고,0,0,3,0,차대차 - 기타,기타,젖음/습기,비,교차로 - 교차로안,승용,여,52세,상해없음,승용,여,49세,경상
어린이사고,2021061900100181,2021년 6월 19일 11시,토요일,부산광역시 금정구 구서동,경상사고,0,0,3,0,차대차 - 기타,안전거리미확보,건조,맑음,단일로 - 기타,승용,남,49세,상해없음,화물,남,46세,경상
어린이사고,2021062000100224,2021년 6월 20일 14시,일요일,부산광역시 수영구 민락동,경상사고,0,0,4,0,차대차 - 기타,안전운전불이행,건조,맑음,단일로 - 기타,승용,남,26세,상해없음,승용,여,41세,경상
어린이사고,2021062000100327,2021년 6월 20일 17시,일요일,부산광역시 북구 화명동,부상신고사고,0,0,0,1,차대차 - 기타,안전운전불이행,건조,맑음,교차로 - 교차로부근,이륜,남,30세,기타불명,자전거,여,8세,부상신고
어린이사고,2.02106E+15,2021년 6월 21일 13시,월요일,부산광역시 연제구 거제동,경상사고,0,0,2,0,차대차 - 추돌,안전거리미확보,건조,맑음,교차로 - 교차로부근,승용,남,65세,상해없음,승용,여,29세,경상
어린이사고,2021062100100342,2021년 6월 21일 15시,월요일,부산광역시 연제구 연산동,경상사고,0,0,1,0,차대사람 - 보도통행중,기타,건조,맑음,단일로 - 기타,자전거,남,12세,상해없음,보행자,남,7세,경상
어린이사고,2021062200100079,2021년 6월 22일 08시,화요일,부산광역시 금정구 서동,부상신고사고,0,0,0,1,차대사람 - 기타,안전운전불이행,건조,맑음,단일로 - 기타,승용,남,62세,상해없음,보행자,남,11세,부상신고
어린이사고,2021062200100299,2021년 6월 22일 14시,화요일,부산광역시 수영구 망미동,경상사고,0,0,1,0,차대차 - 기타,안전운전불이행,건조,맑음,단일로 - 기타,승용,여,40세,상해없음,자전거,남,11세,경상
어린이사고,2021062200100474,2021년 6월 22일 19시,화요일,부산광역시 동래구 사직동,경상사고,0,0,3,0,차대차 - 측면충돌,안전운전불이행,건조,맑음,교차로 - 교차로안,승용,여,48세,상해없음,승용,남,26세,경상
어린이사고,2021062400100482,2021년 6월 24일 18시,목요일,부산광역시 남구 용호동,중상사고,0,1,0,0,차대차 - 측면충돌,보행자보호의무위반,건조,맑음,교차로 - 교차로안,이륜,남,54세,상해없음,자전거,남,10세,중상
어린이사고,2021062500100495,2021년 6월 25일 18시,금요일,부산광역시 강서구 신호동,경상사고,0,0,2,0,차대차 - 추돌,안전운전불이행,건조,맑음,교차로 - 교차로안,승용,남,48세,상해없음,승용,남,22세,상해없음
어린이사고,2021062600100004,2021년 6월 26일 00시,토요일,부산광역시 중구 보수동3가,경상사고,0,0,5,0,차대차 - 정면충돌,안전운전불이행,건조,맑음,교차로 - 교차로안,화물,남,57세,상해없음,승용,남,58세,경상
어린이사고,2021062600100146,2021년 6월 26일 10시,토요일,부산광역시 수영구 광안동,경상사고,0,0,1,0,차대사람 - 보도통행중,보행자보호의무위반,건조,맑음,교차로 - 교차로횡단보도내,승용,남,46세,상해없음,보행자,남,7세,경상
어린이사고,2021062600100148,2021년 6월 26일 10시,토요일,부산광역시 부산진구 부암동,경상사고,0,0,3,0,차대차 - 측면충돌,신호위반,건조,맑음,교차로 - 교차로안,승용,남,49세,상해없음,승용,남,35세,경상
어린이사고,2.02106E+15,2021년 6월 26일 19시,토요일,부산광역시 부산진구 연지동,경상사고,0,0,3,0,차대차 - 기타,신호위반,건조,맑음,교차로 - 교차로안,승용,여,57세,상해없음,승용,남,67세,상해없음
어린이사고,2021062600100518,2021년 6월 26일 20시,토요일,부산광역시 부산진구 양정동,중상사고,0,1,0,0,차대차 - 기타,안전운전불이행,건조,맑음,교차로 - 교차로안,승용,남,58세,상해없음,자전거,여,10세,중상
어린이사고,2021062700100237,2021년 6월 27일 14시,일요일,부산광역시 해운대구 우동,중상사고,0,4,0,0,차대차 - 정면충돌,안전운전불이행,건조,맑음,단일로 - 기타,승용,남,66세,상해없음,승용,여,40세,중상
어린이사고,2021062700100266,2021년 6월 27일 15시,일요일,부산광역시 동래구 명장동,부상신고사고,0,0,0,1,차대차 - 추돌,안전운전불이행,건조,맑음,교차로 - 교차로부근,기타불명,기타불명,미분류,기타불명,승용,남,52세,상해없음
어린이사고,2021062700100362,2021년 6월 27일 18시,일요일,부산광역시 부산진구 범전동,중상사고,0,2,3,0,차대차 - 추돌,안전운전불이행,건조,맑음,교차로 - 교차로부근,승용,남,35세,상해없음,승용,여,40세,중상
어린이사고,2021062800100028,2021년 6월 28일 04시,월요일,부산광역시 기장군 정관읍,중상사고,0,1,0,0,차대차 - 기타,안전운전불이행,건조,맑음,교차로 - 교차로안,화물,남,60세,상해없음,자전거,남,10세,중상
어린이사고,2021062800100082,2021년 6월 28일 08시,월요일,부산광역시 해운대구 재송동,경상사고,0,0,1,0,차대사람 - 횡단중,보행자보호의무위반,건조,맑음,교차로 - 교차로부근,승용,남,71세,상해없음,보행자,남,7세,경상
어린이사고,2021062800100391,2021년 6월 28일 16시,월요일,부산광역시 부산진구 가야동,경상사고,0,0,1,0,차대사람 - 길가장자리구역통행중,안전운전불이행,건조,맑음,교차로 - 교차로안,승용,남,36세,상해없음,보행자,남,10세,경상
어린이사고,2021062900100079,2021년 6월 29일 08시,화요일,부산광역시 금정구 장전동,경상사고,0,0,1,0,차대사람 - 횡단중,보행자보호의무위반,건조,맑음,단일로 - 기타,승용,남,60세,상해없음,보행자,여,9세,경상
어린이사고,2021063000100428,2021년 6월 30일 17시,수요일,부산광역시 기장군 기장읍,중상사고,0,1,0,0,차대사람 - 횡단중,안전운전불이행,건조,맑음,단일로 - 기타,이륜,남,21세,상해없음,보행자,남,8세,중상
어린이사고,2021070200100334,2021년 7월 2일 15시,금요일,부산광역시 부산진구 범천동,경상사고,0,0,1,0,차대사람 - 기타,안전운전불이행,건조,기타,기타 - 기타,승용,여,56세,상해없음,보행자,여,7세,경상
어린이사고,2021070200100335,2021년 7월 2일 15시,금요일,부산광역시 연제구 거제동,중상사고,0,5,0,0,차대차 - 기타,교차로운행방법위반,건조,맑음,교차로 - 교차로안,승용,남,49세,상해없음,승용,여,39세,중상
어린이사고,2021070300100119,2021년 7월 3일 10시,토요일,부산광역시 해운대구 중동,경상사고,0,0,6,0,차대차 - 정면충돌,중앙선침범,건조,흐림,교차로 - 교차로부근,승용,남,26세,상해없음,승용,여,29세,경상
어린이사고,2021070300100307,2021년 7월 3일 15시,토요일,부산광역시 해운대구 중동,경상사고,0,0,2,1,차대차 - 추돌,안전운전불이행,건조,맑음,기타 - 기타,화물,남,65세,상해없음,승용,남,55세,경상
어린이사고,2021070300100419,2021년 7월 3일 18시,토요일,부산광역시 북구 덕천동,경상사고,0,0,1,0,차대사람 - 횡단중,보행자보호의무위반,건조,맑음,단일로 - 기타,승용,남,59세,상해없음,보행자,남,9세,경상
어린이사고,2021070300100421,2021년 7월 3일 18시,토요일,부산광역시 금정구 오륜동,경상사고,0,0,4,2,차대차 - 추돌,안전거리미확보,젖음/습기,비,단일로 - 터널,화물,남,33세,상해없음,승용,남,38세,경상
어린이사고,2021070600100465,2021년 7월 6일 19시,화요일,부산광역시 동래구 사직동,경상사고,0,0,4,0,차대차 - 측면충돌,직진우회전진행방해,젖음/습기,비,교차로 - 교차로안,승용,남,44세,경상,이륜,남,20세,경상
어린이사고,2021070700100573,2021년 7월 7일 21시,수요일,부산광역시 해운대구 우동,경상사고,0,0,3,0,차대차 - 추돌,안전운전불이행,젖음/습기,비,교차로 - 교차로부근,승용,남,52세,상해없음,승용,남,44세,경상
어린이사고,2.02107E+15,2021년 7월 8일 16시,목요일,부산광역시 기장군 기장읍,중상사고,0,1,2,0,차대차 - 측면충돌,교차로운행방법위반,건조,맑음,교차로 - 교차로안,승용,여,57세,상해없음,승합,남,40세,중상
어린이사고,2021071000100245,2021년 7월 10일 12시,토요일,부산광역시 금정구 장전동,경상사고,0,0,3,0,차대차 - 측면충돌,안전운전불이행,건조,맑음,단일로 - 기타,승용,남,47세,상해없음,승용,여,41세,경상
어린이사고,2021071200100475,2021년 7월 12일 19시,월요일,부산광역시 부산진구 전포동,경상사고,0,0,1,0,차대차 - 측면충돌,안전운전불이행,건조,맑음,교차로 - 교차로안,승용,남,64세,상해없음,자전거,남,8세,경상
어린이사고,2021071400100271,2021년 7월 14일 14시,수요일,부산광역시 사하구 당리동,경상사고,0,0,1,0,차대사람 - 횡단중,신호위반,건조,맑음,단일로 - 지하차도(도로)내,승용,남,67세,상해없음,보행자,남,11세,경상
어린이사고,2021071600100105,2021년 7월 16일 09시,금요일,부산광역시 강서구 죽림동,경상사고,0,0,2,0,차대차 - 측면충돌,안전운전불이행,건조,맑음,교차로 - 교차로안,화물,남,63세,상해없음,승용,남,37세,경상
어린이사고,2.02107E+15,2021년 7월 16일 15시,금요일,부산광역시 금정구 장전동,경상사고,0,0,4,0,차대차 - 기타,안전운전불이행,건조,맑음,기타 - 기타,승용,여,69세,상해없음,승합,남,54세,경상
어린이사고,2021071700100579,2021년 7월 17일 22시,토요일,부산광역시 수영구 광안동,경상사고,0,0,1,0,차대사람 - 차도통행중,안전운전불이행,건조,맑음,단일로 - 기타,자전거,남,60세,상해없음,보행자,여,10세,경상
어린이사고,2021071800100064,2021년 7월 18일 09시,일요일,부산광역시 기장군 정관읍,중상사고,0,1,1,0,차대차 - 정면충돌,신호위반,건조,맑음,교차로 - 교차로안,승합,남,44세,상해없음,승용,여,28세,경상
어린이사고,2021071800100149,2021년 7월 18일 13시,일요일,부산광역시 사하구 당리동,부상신고사고,0,0,0,1,차대사람 - 기타,안전운전불이행,건조,맑음,단일로 - 기타,승용,남,33세,상해없음,보행자,남,5세,부상신고
어린이사고,2.02107E+15,2021년 7월 18일 17시,일요일,부산광역시 금정구 부곡동,중상사고,0,2,2,0,차대차 - 추돌,안전거리미확보,건조,맑음,단일로 - 기타,승용,남,26세,상해없음,승용,남,41세,중상
어린이사고,2021071900100082,2021년 7월 19일 08시,월요일,부산광역시 수영구 남천동,경상사고,0,0,4,0,차대차 - 기타,중앙선침범,건조,맑음,교차로 - 교차로부근,승용,남,29세,상해없음,승용,남,43세,상해없음
어린이사고,2021072000100423,2021년 7월 20일 18시,화요일,부산광역시 강서구 명지동,경상사고,0,0,2,0,차대차 - 추돌,안전운전불이행,건조,맑음,단일로 - 기타,원동기,남,22세,상해없음,승용,여,46세,경상
어린이사고,2021072100100453,2021년 7월 21일 17시,수요일,부산광역시 영도구 청학동,경상사고,0,0,2,1,차대차 - 기타,기타,건조,맑음,교차로 - 교차로안,특수,남,49세,상해없음,승용,남,38세,경상
어린이사고,2.02107E+15,2021년 7월 22일 08시,목요일,부산광역시 영도구 영선동4가,경상사고,0,0,3,0,차대차 - 후진중충돌,안전운전불이행,건조,맑음,교차로 - 교차로부근,승용,남,74세,상해없음,승용,여,29세,경상
어린이사고,2021072200100301,2021년 7월 22일 14시,목요일,부산광역시 기장군 정관읍,경상사고,0,0,1,0,차대사람 - 보도통행중,기타,건조,맑음,기타 - 기타,이륜,남,28세,상해없음,보행자,남,8세,경상
어린이사고,2.02107E+15,2021년 7월 22일 16시,목요일,부산광역시 해운대구 중동,경상사고,0,0,5,0,차대차 - 추돌,안전거리미확보,건조,맑음,단일로 - 기타,승용,남,46세,기타불명,승용,여,47세,경상
어린이사고,2021072400100231,2021년 7월 24일 13시,토요일,부산광역시 연제구 연산동,경상사고,0,0,3,0,차대차 - 추돌,신호위반,건조,맑음,교차로 - 교차로안,승용,남,70세,상해없음,승용,남,33세,경상
어린이사고,2021072400100318,2021년 7월 24일 15시,토요일,부산광역시 금정구 장전동,경상사고,0,0,3,0,차대차 - 정면충돌,중앙선침범,건조,맑음,교차로 - 교차로부근,승용,남,74세,상해없음,승용,남,37세,경상
어린이사고,2021072600100522,2021년 7월 26일 19시,월요일,부산광역시 영도구 봉래동3가,경상사고,0,0,3,0,차대차 - 측면충돌,차로위반,건조,맑음,단일로 - 기타,승용,남,65세,상해없음,승용,남,40세,경상
어린이사고,2021072700100307,2021년 7월 27일 14시,화요일,부산광역시 강서구 대저2동,경상사고,0,0,4,0,차대차 - 측면충돌,신호위반,건조,맑음,교차로 - 교차로안,승용,여,64세,상해없음,승용,남,63세,경상
어린이사고,2021072700100344,2021년 7월 27일 15시,화요일,부산광역시 강서구 명지동,경상사고,0,0,1,0,차대사람 - 횡단중,보행자보호의무위반,건조,맑음,교차로 - 교차로횡단보도내,승용,여,34세,상해없음,보행자,남,7세,경상
어린이사고,2021072700100458,2021년 7월 27일 18시,화요일,부산광역시 금정구 부곡동,경상사고,0,0,2,0,차대사람 - 횡단중,보행자보호의무위반,건조,맑음,교차로 - 교차로안,승용,여,30세,상해없음,보행자,여,32세,경상