사고부문,사고번호,사고일시,요일,시군구,사고내용,사망자수,중상자수,경상자수,부상신고자수,사고유형,법규위반,노면상태,기상상태,도로형태,가해운전자 차종,가해운전자 성별,가해운전자 연령,가해운전자 상해정도,피해운전자 차종,피해운전자 성별,피해운전자 연령,피해운전자 상해정도
어린이사고,2022071700100293,2022년 7월 17일 17시,일요일,부산광역시 연제구 연산동,경상사고,0,0,1,0,차대사람 - 기타,안전운전불이행,건조,맑음,단일로 - 기타,승용,남,28세,상해없음,보행자,여,4세,경상
어린이사고,2022071900100006,2022년 7월 19일 00시,화요일,부산광역시 사하구 장림동,중상사고,0,2,3,1,차대차 - 측면충돌,신호위반,젖음/습기,비,교차로 - 교차로안,화물,남,46세,경상,승용,남,53세,부상신고
어린이사고,2022071900100337,2022년 7월 19일 16시,화요일,부산광역시 수영구 남천동,경상사고,0,0,1,2,차대차 - 기타,안전운전불이행,건조,맑음,단일로 - 기타,승용,여,70세,상해없음,승용,여,39세,경상
어린이사고,2022071900100341,2022년 7월 19일 16시,화요일,부산광역시 부산진구 가야동,경상사고,0,0,3,0,차대차 - 측면충돌,신호위반,건조,맑음,교차로 - 교차로안,이륜,남,21세,기타불명,승합,남,61세,경상
어린이사고,2022072100100338,2022년 7월 21일 16시,목요일,부산광역시 남구 문현동,경상사고,0,0,2,0,차대차 - 측면충돌,신호위반,건조,맑음,교차로 - 교차로안,이륜,남,42세,기타불명,승용,남,36세,경상
어린이사고,2022072200100368,2022년 7월 22일 16시,금요일,부산광역시 해운대구 좌동,중상사고,0,1,0,0,차대차 - 측면충돌,신호위반,건조,맑음,교차로 - 교차로안,승용,남,26세,상해없음,자전거,남,11세,중상
어린이사고,2022072200100412,2022년 7월 22일 17시,금요일,부산광역시 수영구 광안동,경상사고,0,0,1,0,차대사람 - 기타,보행자보호의무위반,건조,맑음,단일로 - 기타,승용,남,44세,상해없음,보행자,남,10세,경상
어린이사고,2022072200100576,2022년 7월 22일 22시,금요일,부산광역시 금정구 부곡동,중상사고,0,1,2,0,차대차 - 기타,신호위반,건조,맑음,교차로 - 교차로안,이륜,남,22세,중상,승용,여,37세,경상
어린이사고,2022072300100352,2022년 7월 23일 17시,토요일,부산광역시 강서구 명지동,경상사고,0,0,1,0,차대차 - 측면충돌,안전운전불이행,건조,맑음,교차로 - 교차로횡단보도내,승용,여,45세,상해없음,자전거,여,9세,경상
어린이사고,2022072400100141,2022년 7월 24일 13시,일요일,부산광역시 기장군 일광읍,경상사고,0,0,2,0,차대차 - 기타,안전운전불이행,건조,맑음,교차로 - 교차로부근,승용,남,53세,상해없음,승용,남,43세,경상
어린이사고,2.02207E+15,2022년 7월 25일 13시,월요일,부산광역시 중구 남포동3가,경상사고,0,0,1,0,차대사람 - 기타,안전운전불이행,건조,맑음,기타 - 기타,이륜,남,38세,상해없음,보행자,남,11세,경상
어린이사고,2022072500100328,2022년 7월 25일 15시,월요일,부산광역시 서구 서대신동3가,경상사고,0,0,3,0,차대차 - 측면충돌,안전운전불이행,건조,맑음,교차로 - 교차로안,승용,여,62세,상해없음,승용,남,46세,경상
어린이사고,2022072500100463,2022년 7월 25일 18시,월요일,부산광역시 동래구 안락동,경상사고,0,0,1,0,차대차 - 추돌,안전운전불이행,건조,맑음,교차로 - 교차로횡단보도내,승용,남,53세,상해없음,자전거,남,12세,경상
어린이사고,2022072500100559,2022년 7월 25일 21시,월요일,부산광역시 금정구 부곡동,중상사고,0,2,0,0,차대사람 - 횡단중,보행자보호의무위반,건조,맑음,교차로 - 교차로횡단보도내,승용,남,28세,상해없음,보행자,남,55세,중상
어린이사고,2022072700100297,2022년 7월 27일 15시,수요일,부산광역시 강서구 대저2동,중상사고,0,2,3,0,차대차 - 추돌,신호위반,건조,맑음,교차로 - 교차로안,승용,남,59세,중상,승용,여,35세,경상
어린이사고,2022072800100364,2022년 7월 28일 16시,목요일,부산광역시 영도구 영선동4가,경상사고,0,0,7,0,차대차 - 추돌,안전운전불이행,건조,맑음,단일로 - 고가도로위,승용,남,39세,상해없음,승용,남,43세,경상
어린이사고,2022072900100339,2022년 7월 29일 15시,금요일,부산광역시 동구 범일동,중상사고,0,1,9,1,차대차 - 기타,불법유턴,건조,맑음,단일로 - 기타,승용,남,51세,상해없음,승합,남,57세,상해없음
어린이사고,2022072900100457,2022년 7월 29일 18시,금요일,부산광역시 중구 중앙동7가,경상사고,0,0,3,0,차대차 - 측면충돌,차로위반,건조,맑음,교차로 - 교차로부근,승용,여,54세,상해없음,승용,남,45세,경상
어린이사고,2022072900100459,2022년 7월 29일 18시,금요일,부산광역시 기장군 철마면,경상사고,0,0,2,0,차대차 - 추돌,안전운전불이행,건조,맑음,단일로 - 기타,승용,남,64세,상해없음,승용,남,30세,경상
어린이사고,2022073000100148,2022년 7월 30일 10시,토요일,부산광역시 기장군 정관읍,경상사고,0,0,9,0,차대차 - 추돌,안전운전불이행,건조,맑음,단일로 - 기타,건설기계,남,33세,상해없음,승용,남,43세,경상
어린이사고,2022073000100309,2022년 7월 30일 15시,토요일,부산광역시 중구 중앙동6가,중상사고,0,3,6,0,차대차 - 측면충돌,신호위반,건조,맑음,단일로 - 교량,승용,여,29세,상해없음,승용,여,33세,상해없음
어린이사고,2022080100100245,2022년 8월 1일 14시,월요일,부산광역시 기장군 기장읍,경상사고,0,0,1,0,차대사람 - 횡단중,신호위반,건조,맑음,기타 - 기타,승용,남,45세,상해없음,보행자,남,12세,경상
어린이사고,2022080200100444,2022년 8월 2일 19시,화요일,부산광역시 사하구 감천동,경상사고,0,0,5,0,차대차 - 추돌,안전운전불이행,건조,맑음,교차로 - 교차로부근,화물,남,50세,상해없음,승용,여,53세,경상
어린이사고,2022080200100512,2022년 8월 2일 22시,화요일,부산광역시 연제구 거제동,경상사고,0,0,3,0,차대차 - 추돌,교차로운행방법위반,건조,맑음,교차로 - 교차로안,승용,남,24세,상해없음,승용,남,49세,경상
어린이사고,2022080400100098,2022년 8월 4일 09시,목요일,부산광역시 금정구 부곡동,경상사고,0,0,1,0,차대사람 - 기타,안전운전불이행,건조,맑음,교차로 - 교차로안,화물,남,36세,상해없음,보행자,남,8세,경상
어린이사고,2022080400100346,2022년 8월 4일 16시,목요일,부산광역시 수영구 남천동,중상사고,0,1,0,0,차대사람 - 횡단중,보행자보호의무위반,건조,맑음,단일로 - 기타,승용,여,42세,상해없음,보행자,여,7세,중상
어린이사고,2022080400100521,2022년 8월 4일 22시,목요일,부산광역시 서구 동대신동1가,중상사고,0,1,5,0,차대차 - 정면충돌,중앙선침범,건조,맑음,단일로 - 교량,승용,여,44세,경상,승용,남,64세,중상
어린이사고,2022080500100079,2022년 8월 5일 08시,금요일,부산광역시 강서구 명지동,중상사고,0,4,0,0,차대차 - 측면충돌,기타,건조,맑음,교차로 - 교차로부근,이륜,남,26세,중상,승용,여,35세,중상
어린이사고,2.02208E+15,2022년 8월 5일 10시,금요일,부산광역시 동구 좌천동,경상사고,0,0,1,0,차대차 - 측면충돌,안전운전불이행,건조,맑음,단일로 - 기타,승용,남,69세,상해없음,승용,남,37세,상해없음
어린이사고,2022080600100145,2022년 8월 6일 11시,토요일,부산광역시 동래구 수안동,경상사고,0,0,4,0,차대차 - 기타,안전운전불이행,건조,맑음,교차로 - 교차로부근,화물,남,59세,상해없음,승용,남,43세,경상
어린이사고,2022080600100146,2022년 8월 6일 11시,토요일,부산광역시 사하구 하단동,경상사고,0,0,3,0,차대차 - 기타,신호위반,건조,맑음,교차로 - 교차로안,승용,남,22세,기타불명,승용,남,35세,경상
어린이사고,2022080600100374,2022년 8월 6일 18시,토요일,부산광역시 동래구 온천동,중상사고,0,1,0,0,차대사람 - 횡단중,안전운전불이행,건조,맑음,교차로 - 교차로횡단보도내,승용,남,40세,상해없음,보행자,남,6세,중상
어린이사고,2022080800100403,2022년 8월 8일 18시,월요일,부산광역시 금정구 구서동,경상사고,0,0,1,0,차대사람 - 횡단중,보행자보호의무위반,건조,맑음,교차로 - 교차로안,화물,남,68세,상해없음,보행자,여,8세,경상
어린이사고,2022080900100128,2022년 8월 9일 10시,화요일,부산광역시 수영구 남천동,경상사고,0,0,2,0,차대차 - 기타,안전운전불이행,건조,맑음,단일로 - 기타,화물,남,54세,상해없음,승용,여,42세,경상
어린이사고,2022081000100128,2022년 8월 10일 10시,수요일,부산광역시 동래구 온천동,중상사고,0,1,6,0,차대차 - 측면충돌,중앙선침범,건조,맑음,단일로 - 기타,승용,여,49세,상해없음,승합,여,54세,경상
어린이사고,2022081000100304,2022년 8월 10일 16시,수요일,부산광역시 동래구 온천동,중상사고,0,1,4,0,차대차 - 추돌,안전운전불이행,건조,맑음,단일로 - 기타,승합,남,60세,상해없음,승합,남,63세,경상
어린이사고,2022081100100051,2022년 8월 11일 06시,목요일,부산광역시 부산진구 당감동,중상사고,0,1,2,0,차량단독 - 공작물충돌,안전운전불이행,건조,맑음,단일로 - 기타,승용,남,73세,상해없음,,,,
어린이사고,2022081200100152,2022년 8월 12일 10시,금요일,부산광역시 금정구 부곡동,경상사고,0,0,3,0,차대차 - 측면충돌,안전거리미확보,건조,맑음,단일로 - 기타,승용,여,61세,상해없음,승용,여,36세,경상
어린이사고,2022081200100327,2022년 8월 12일 15시,금요일,부산광역시 부산진구 전포동,중상사고,0,1,0,0,차대사람 - 길가장자리구역통행중,신호위반,건조,흐림,단일로 - 기타,이륜,남,26세,상해없음,보행자,여,6세,중상
어린이사고,2022081300100255,2022년 8월 13일 14시,토요일,부산광역시 금정구 노포동,경상사고,0,0,1,4,차대차 - 추돌,안전거리미확보,건조,맑음,단일로 - 기타,승용,여,27세,상해없음,승용,남,41세,경상
어린이사고,2022081300100405,2022년 8월 13일 19시,토요일,부산광역시 기장군 일광읍,경상사고,0,0,2,0,차대사람 - 횡단중,보행자보호의무위반,건조,맑음,단일로 - 기타,승용,남,39세,상해없음,보행자,남,11세,경상
어린이사고,2022081500100071,2022년 8월 15일 08시,월요일,부산광역시 강서구 명지동,경상사고,0,0,2,0,차대차 - 측면충돌,안전운전불이행,건조,맑음,교차로 - 교차로안,승용,남,51세,기타불명,승용,남,35세,경상
어린이사고,2022081500100273,2022년 8월 15일 16시,월요일,부산광역시 부산진구 개금동,경상사고,0,0,4,0,차대차 - 추돌,안전운전불이행,건조,맑음,단일로 - 기타,이륜,남,26세,상해없음,승용,남,41세,경상
어린이사고,2022081600100166,2022년 8월 16일 11시,화요일,부산광역시 동래구 사직동,경상사고,0,0,1,0,차대사람 - 횡단중,보행자보호의무위반,젖음/습기,비,교차로 - 교차로횡단보도내,승용,여,44세,상해없음,보행자,여,9세,경상
어린이사고,2.02208E+15,2022년 8월 16일 22시,화요일,부산광역시 남구 대연동,경상사고,0,0,2,0,차대차 - 측면충돌,신호위반,젖음/습기,비,교차로 - 교차로안,기타불명,기타불명,미분류,기타불명,승용,여,35세,경상
어린이사고,2022081700100159,2022년 8월 17일 10시,수요일,부산광역시 강서구 신호동,경상사고,0,0,1,0,차대차 - 기타,안전운전불이행,건조,맑음,교차로 - 교차로부근,화물,남,66세,상해없음,자전거,여,10세,경상
어린이사고,2022081700100326,2022년 8월 17일 15시,수요일,부산광역시 해운대구 우동,경상사고,0,0,1,1,차대차 - 추돌,안전운전불이행,젖음/습기,비,교차로 - 교차로안,승용,남,65세,기타불명,승용,여,45세,부상신고
어린이사고,2022081700100404,2022년 8월 17일 17시,수요일,부산광역시 기장군 일광읍,중상사고,0,1,0,0,차대사람 - 보도통행중,신호위반,건조,맑음,교차로 - 교차로횡단보도내,승합,남,63세,상해없음,보행자,남,6세,중상
어린이사고,2022081800100179,2022년 8월 18일 11시,목요일,부산광역시 남구 용호동,경상사고,0,0,1,0,차대사람 - 기타,안전운전불이행,건조,맑음,교차로 - 교차로부근,승용,남,42세,상해없음,보행자,남,9세,경상
어린이사고,2022081800100295,2022년 8월 18일 14시,목요일,부산광역시 영도구 봉래동3가,경상사고,0,0,1,0,차대차 - 기타,안전운전불이행,건조,맑음,단일로 - 기타,승용,남,24세,상해없음,자전거,남,11세,경상
어린이사고,2022081800100319,2022년 8월 18일 15시,목요일,부산광역시 금정구 구서동,경상사고,0,0,2,0,차대차 - 추돌,안전운전불이행,건조,맑음,단일로 - 기타,화물,남,50세,상해없음,승용,여,48세,경상
어린이사고,2.02208E+15,2022년 8월 18일 18시,목요일,부산광역시 부산진구 전포동,중상사고,0,1,0,0,차대사람 - 기타,안전운전불이행,건조,맑음,교차로 - 교차로부근,승용,남,47세,상해없음,보행자,남,10세,중상
어린이사고,2022081900100398,2022년 8월 19일 17시,금요일,부산광역시 동래구 낙민동,경상사고,0,0,1,0,차대사람 - 횡단중,보행자보호의무위반,건조,맑음,교차로 - 교차로횡단보도내,승용,남,67세,상해없음,보행자,남,10세,경상
어린이사고,2022082000100259,2022년 8월 20일 13시,토요일,부산광역시 북구 구포동,경상사고,0,0,5,0,차대차 - 추돌,안전운전불이행,젖음/습기,비,교차로 - 교차로부근,승용,여,61세,상해없음,승용,여,41세,경상
어린이사고,2022082100100179,2022년 8월 21일 13시,일요일,부산광역시 영도구 동삼동,중상사고,0,5,1,0,차대차 - 기타,안전운전불이행,건조,맑음,기타 - 기타,승용,남,78세,상해없음,승용,여,45세,중상
어린이사고,2022082100100211,2022년 8월 21일 14시,일요일,부산광역시 해운대구 재송동,경상사고,0,0,3,0,차대차 - 측면충돌,안전운전불이행,건조,맑음,교차로 - 교차로안,승용,남,30세,상해없음,승용,여,43세,경상
어린이사고,2022082100100352,2022년 8월 21일 19시,일요일,부산광역시 강서구 명지동,경상사고,0,0,3,0,차대차 - 기타,안전거리미확보,건조,맑음,단일로 - 기타,화물,남,61세,상해없음,승용,남,35세,경상
어린이사고,2022082300100325,2022년 8월 23일 15시,화요일,부산광역시 강서구 명지동,경상사고,0,0,6,0,차대차 - 기타,안전운전불이행,건조,맑음,단일로 - 기타,승용,여,36세,경상,승용,여,31세,경상
어린이사고,2022082400100459,2022년 8월 24일 18시,수요일,부산광역시 금정구 부곡동,경상사고,0,0,1,0,차대차 - 기타,안전운전불이행,건조,맑음,교차로 - 교차로안,승합,남,64세,상해없음,자전거,남,10세,경상
어린이사고,2022082500100383,2022년 8월 25일 17시,목요일,부산광역시 사하구 다대동,경상사고,0,0,1,0,차대사람 - 길가장자리구역통행중,안전운전불이행,건조,맑음,단일로 - 지하차도(도로)내,승합,남,65세,상해없음,보행자,남,12세,경상
어린이사고,2022082600100287,2022년 8월 26일 14시,금요일,부산광역시 수영구 남천동,중상사고,0,1,2,0,차대사람 - 횡단중,보행자보호의무위반,건조,맑음,교차로 - 교차로안,화물,남,62세,상해없음,보행자,여,33세,경상
어린이사고,2022082600100289,2022년 8월 26일 14시,금요일,부산광역시 사상구 괘법동,중상사고,0,1,0,0,차대사람 - 길가장자리구역통행중,안전운전불이행,건조,맑음,단일로 - 기타,승용,남,48세,상해없음,보행자,남,10세,중상
어린이사고,2022082600100321,2022년 8월 26일 15시,금요일,부산광역시 강서구 명지동,경상사고,0,0,1,0,차대사람 - 횡단중,안전운전불이행,건조,맑음,단일로 - 기타,승용,여,66세,상해없음,보행자,남,7세,경상
어린이사고,2022082600100362,2022년 8월 26일 16시,금요일,부산광역시 금정구 구서동,경상사고,0,0,1,0,차대사람 - 기타,안전운전불이행,건조,맑음,기타 - 기타,이륜,남,57세,상해없음,보행자,남,8세,경상
어린이사고,2022082700100321,2022년 8월 27일 14시,토요일,부산광역시 수영구 남천동,부상신고사고,0,0,0,1,차대사람 - 기타,안전운전불이행,건조,맑음,교차로 - 교차로안,이륜,남,23세,상해없음,보행자,여,8세,부상신고
어린이사고,2022082700100495,2022년 8월 27일 18시,토요일,부산광역시 영도구 청학동,경상사고,0,0,3,0,차대차 - 기타,안전운전불이행,건조,맑음,기타 - 기타,이륜,남,65세,상해없음,승용,남,39세,경상
어린이사고,2022082800100139,2022년 8월 28일 11시,일요일,부산광역시 강서구 대저1동,경상사고,0,0,4,0,차대차 - 추돌,안전거리미확보,건조,맑음,단일로 - 기타,승용,남,59세,상해없음,승용,남,41세,경상
어린이사고,2022082800100273,2022년 8월 28일 15시,일요일,부산광역시 부산진구 부암동,경상사고,0,0,4,1,차대차 - 측면충돌,안전거리미확보,건조,맑음,교차로 - 교차로부근,승용,여,51세,경상,승용,남,39세,경상
어린이사고,2022083000100091,2022년 8월 30일 08시,화요일,부산광역시 북구 화명동,경상사고,0,0,4,0,차대차 - 기타,안전운전불이행,건조,맑음,교차로 - 교차로부근,승용,남,64세,상해없음,승용,남,31세,경상
어린이사고,2022083000100476,2022년 8월 30일 19시,화요일,부산광역시 동래구 온천동,경상사고,0,0,2,0,차대차 - 추돌,안전운전불이행,젖음/습기,비,단일로 - 기타,승용,여,39세,상해없음,승합,남,50세,경상
어린이사고,2022090100100383,2022년 9월 1일 16시,목요일,부산광역시 해운대구 반여동,중상사고,0,1,0,0,차대사람 - 차도통행중,안전운전불이행,건조,맑음,단일로 - 기타,이륜,남,18세,상해없음,보행자,남,8세,중상
어린이사고,2.02209E+15,2022년 9월 1일 17시,목요일,부산광역시 사상구 주례동,경상사고,0,0,1,0,차대사람 - 횡단중,보행자보호의무위반,건조,맑음,교차로 - 교차로부근,승용,남,66세,상해없음,보행자,남,5세,경상
어린이사고,2022090200100104,2022년 9월 2일 08시,금요일,부산광역시 해운대구 좌동,경상사고,0,0,2,0,차대차 - 추돌,안전운전불이행,젖음/습기,비,단일로 - 기타,승용,남,69세,상해없음,승용,여,45세,경상
어린이사고,2022090300100285,2022년 9월 3일 13시,토요일,부산광역시 남구 문현동,중상사고,0,1,0,0,차대사람 - 횡단중,안전운전불이행,건조,맑음,단일로 - 기타,이륜,남,21세,상해없음,보행자,남,8세,중상
어린이사고,2022090300100477,2022년 9월 3일 18시,토요일,부산광역시 서구 서대신동2가,경상사고,0,0,4,0,차대차 - 추돌,안전운전불이행,젖음/습기,비,단일로 - 터널,원동기,남,19세,경상,승용,여,53세,경상
어린이사고,2022090400100098,2022년 9월 4일 10시,일요일,부산광역시 동래구 사직동,중상사고,0,1,0,0,차대사람 - 횡단중,신호위반,젖음/습기,비,교차로 - 교차로안,승용,여,55세,상해없음,보행자,남,10세,중상
어린이사고,2022090500100377,2022년 9월 5일 17시,월요일,부산광역시 동래구 온천동,경상사고,0,0,3,0,차대차 - 후진중충돌,안전운전불이행,젖음/습기,비,단일로 - 기타,승용,여,46세,상해없음,승용,여,29세,경상
어린이사고,2022090700100293,2022년 9월 7일 12시,수요일,부산광역시 북구 화명동,경상사고,0,0,1,1,차대차 - 기타,신호위반,건조,맑음,교차로 - 교차로안,승용,남,49세,상해없음,승용,여,35세,경상
어린이사고,2022090800100466,2022년 9월 8일 16시,목요일,부산광역시 동구 초량동,중상사고,0,1,0,0,차대사람 - 기타,안전운전불이행,건조,맑음,단일로 - 기타,승용,남,54세,상해없음,보행자,남,9세,중상
어린이사고,2.02209E+15,2022년 9월 9일 11시,금요일,부산광역시 해운대구 좌동,경상사고,0,0,3,0,차대차 - 기타,신호위반,건조,맑음,교차로 - 교차로안,승합,남,57세,상해없음,승용,여,38세,경상
어린이사고,2022090900100198,2022년 9월 9일 12시,금요일,부산광역시 금정구 노포동,경상사고,0,0,4,0,차대차 - 기타,안전거리미확보,건조,맑음,단일로 - 기타,승용,여,51세,상해없음,승용,남,41세,경상
어린이사고,2022090900100307,2022년 9월 9일 15시,금요일,부산광역시 사상구 감전동,경상사고,0,0,2,0,차대사람 - 차도통행중,안전운전불이행,건조,맑음,단일로 - 지하차도(도로)내,승용,여,28세,기타불명,보행자,남,10세,경상
어린이사고,2022090900100394,2022년 9월 9일 18시,금요일,부산광역시 기장군 정관읍,경상사고,0,0,1,0,차대사람 - 기타,안전운전불이행,건조,맑음,기타 - 기타,승용,남,69세,상해없음,보행자,남,7세,경상
어린이사고,2022091100100222,2022년 9월 11일 16시,일요일,부산광역시 북구 화명동,경상사고,0,0,1,0,차대사람 - 기타,기타,건조,맑음,기타 - 기타,승용,남,37세,상해없음,보행자,여,8세,경상
어린이사고,2022091100100223,2022년 9월 11일 16시,일요일,부산광역시 사하구 괴정동,경상사고,0,0,5,0,차대차 - 추돌,안전운전불이행,건조,맑음,단일로 - 지하차도(도로)내,화물,남,50세,상해없음,승용,남,67세,경상
어린이사고,2022091300100155,2022년 9월 13일 11시,화요일,부산광역시 사하구 장림동,경상사고,0,0,3,0,차대차 - 측면충돌,안전운전불이행,건조,맑음,단일로 - 기타,이륜,남,64세,경상,승용,여,33세,경상
어린이사고,2022091300100416,2022년 9월 13일 19시,화요일,부산광역시 동래구 명륜동,중상사고,0,1,0,0,차대사람 - 횡단중,신호위반,건조,맑음,교차로 - 교차로안,승용,여,37세,상해없음,보행자,여,10세,중상
어린이사고,2022091400100074,2022년 9월 14일 08시,수요일,부산광역시 중구 보수동2가,경상사고,0,0,1,0,차대차 - 측면충돌,안전운전불이행,건조,맑음,교차로 - 교차로안,승용,남,72세,상해없음,자전거,남,11세,경상
어린이사고,2022091500100075,2022년 9월 15일 08시,목요일,부산광역시 수영구 광안동,경상사고,0,0,2,0,차대차 - 측면충돌,안전운전불이행,건조,맑음,교차로 - 교차로안,이륜,남,69세,경상,승용,여,55세,상해없음
어린이사고,2.02209E+15,2022년 9월 15일 19시,목요일,부산광역시 강서구 신호동,경상사고,0,0,4,0,차대차 - 추돌,안전운전불이행,건조,맑음,단일로 - 기타,승용,남,45세,상해없음,승용,남,49세,경상
어린이사고,2022091600100415,2022년 9월 16일 17시,금요일,부산광역시 동래구 명장동,경상사고,0,0,1,0,차대사람 - 횡단중,보행자보호의무위반,건조,맑음,단일로 - 기타,승용,남,49세,상해없음,보행자,남,10세,경상
어린이사고,2022091600100417,2022년 9월 16일 17시,금요일,부산광역시 해운대구 우동,경상사고,0,0,1,0,차대사람 - 기타,보행자보호의무위반,건조,맑음,단일로 - 기타,승용,남,30세,상해없음,보행자,남,6세,경상
어린이사고,2022091700100345,2022년 9월 17일 15시,토요일,부산광역시 수영구 민락동,경상사고,0,0,1,0,차대사람 - 횡단중,안전운전불이행,건조,맑음,단일로 - 기타,승용,남,41세,상해없음,보행자,남,7세,경상
어린이사고,2022091700100597,2022년 9월 17일 22시,토요일,부산광역시 해운대구 우동,부상신고사고,0,0,0,6,차대차 - 추돌,안전운전불이행,건조,맑음,단일로 - 기타,승용,남,63세,상해없음,승용,남,32세,부상신고
어린이사고,2022091800100373,2022년 9월 18일 20시,일요일,부산광역시 사하구 당리동,경상사고,0,0,2,0,차대사람 - 횡단중,신호위반,젖음/습기,비,단일로 - 기타,승용,여,56세,상해없음,보행자,여,39세,경상
어린이사고,2022092000100305,2022년 9월 20일 14시,화요일,부산광역시 연제구 거제동,경상사고,0,0,3,0,차대차 - 측면충돌,직진우회전진행방해,건조,맑음,교차로 - 교차로안,승용,남,74세,상해없음,승용,남,42세,경상
어린이사고,2022092000100382,2022년 9월 20일 16시,화요일,부산광역시 금정구 부곡동,경상사고,0,0,1,0,차대사람 - 횡단중,보행자보호의무위반,건조,맑음,교차로 - 교차로부근,승용,남,44세,상해없음,보행자,남,10세,경상
어린이사고,2022092100100548,2022년 9월 21일 19시,수요일,부산광역시 해운대구 좌동,경상사고,0,0,1,0,차대사람 - 보도통행중,신호위반,건조,맑음,단일로 - 기타,이륜,남,33세,상해없음,보행자,여,12세,경상
어린이사고,2022092200100343,2022년 9월 22일 15시,목요일,부산광역시 영도구 동삼동,경상사고,0,0,1,0,차대사람 - 차도통행중,안전운전불이행,건조,맑음,단일로 - 기타,화물,남,55세,상해없음,보행자,남,10세,경상
어린이사고,2022092200100471,2022년 9월 22일 18시,목요일,부산광역시 강서구 대저1동,경상사고,0,0,2,0,차대차 - 측면충돌,차로위반,건조,맑음,단일로 - 기타,승용,남,66세,상해없음,화물,남,37세,경상
어린이사고,2022092300100306,2022년 9월 23일 14시,금요일,부산광역시 해운대구 중동,경상사고,0,0,3,0,차대차 - 기타,안전운전불이행,건조,맑음,교차로 - 교차로부근,승용,남,69세,상해없음,승용,남,40세,경상
어린이사고,2022092400100278,2022년 9월 24일 13시,토요일,부산광역시 동래구 수안동,경상사고,0,0,2,1,차대차 - 추돌,안전운전불이행,건조,맑음,단일로 - 기타,승용,남,62세,상해없음,승용,남,70세,경상
어린이사고,2022092400100372,2022년 9월 24일 15시,토요일,부산광역시 부산진구 부전동,경상사고,0,0,7,0,차대차 - 기타,신호위반,건조,맑음,교차로 - 교차로부근,승용,남,28세,상해없음,승합,남,66세,경상
어린이사고,2022092500100367,2022년 9월 25일 19시,일요일,부산광역시 수영구 남천동,경상사고,0,0,1,0,차대사람 - 차도통행중,안전운전불이행,건조,맑음,단일로 - 기타,이륜,남,30세,상해없음,보행자,여,9세,경상
어린이사고,2022092800100275,2022년 9월 28일 14시,수요일,부산광역시 해운대구 중동,중상사고,0,1,0,0,차대사람 - 차도통행중,안전운전불이행,건조,맑음,단일로 - 기타,원동기,남,43세,상해없음,보행자,남,8세,중상
어린이사고,2022092900100229,2022년 9월 29일 12시,목요일,부산광역시 북구 화명동,중상사고,0,1,0,0,차대사람 - 기타,보행자보호의무위반,건조,맑음,교차로 - 교차로횡단보도내,승용,남,58세,상해없음,보행자,남,7세,중상
어린이사고,2022093000100505,2022년 9월 30일 18시,금요일,부산광역시 북구 화명동,경상사고,0,0,1,0,차대사람 - 횡단중,보행자보호의무위반,건조,맑음,단일로 - 기타,승용,남,39세,상해없음,보행자,남,11세,경상
어린이사고,2022100100100444,2022년 10월 1일 17시,토요일,부산광역시 영도구 대평동1가,중상사고,0,1,0,0,차대사람 - 기타,신호위반,건조,맑음,단일로 - 기타,화물,남,60세,상해없음,보행자,여,2세,중상