사고부문,사고번호,사고일시,요일,시군구,사고내용,사망자수,중상자수,경상자수,부상신고자수,사고유형,법규위반,노면상태,기상상태,도로형태,가해운전자 차종,가해운전자 성별,가해운전자 연령,가해운전자 상해정도,피해운전자 차종,피해운전자 성별,피해운전자 연령,피해운전자 상해정도
어린이사고,2022100100100605,2022년 10월 1일 21시,토요일,부산광역시 부산진구 전포동,경상사고,0,0,3,0,차대차 - 기타,안전운전불이행,건조,맑음,단일로 - 기타,승용,남,30세,기타불명,승용,남,34세,경상
어린이사고,2022100200100092,2022년 10월 2일 10시,일요일,부산광역시 기장군 장안읍,경상사고,0,0,3,0,차대차 - 측면충돌,안전운전불이행,건조,맑음,교차로 - 교차로부근,승용,남,49세,기타불명,승용,남,43세,경상
어린이사고,2.0221E+15,2022년 10월 2일 15시,일요일,부산광역시 사상구 엄궁동,경상사고,0,0,4,0,차대차 - 측면충돌,안전거리미확보,건조,맑음,교차로 - 교차로부근,승용,남,71세,상해없음,승용,여,39세,경상
어린이사고,2.0221E+15,2022년 10월 2일 16시,일요일,부산광역시 기장군 기장읍,경상사고,0,0,2,6,차대차 - 추돌,안전거리미확보,건조,맑음,단일로 - 기타,승용,남,45세,상해없음,승용,남,45세,부상신고
어린이사고,2.0221E+15,2022년 10월 3일 08시,월요일,부산광역시 강서구 대저1동,경상사고,0,0,6,0,차대차 - 측면충돌,안전거리미확보,건조,맑음,단일로 - 기타,승용,여,65세,경상,건설기계,남,70세,경상
어린이사고,2022100300100164,2022년 10월 3일 12시,월요일,부산광역시 서구 남부민동,경상사고,0,0,4,0,차대차 - 기타,신호위반,젖음/습기,흐림,교차로 - 교차로부근,승용,남,64세,상해없음,승용,여,33세,경상
어린이사고,2.0221E+15,2022년 10월 3일 14시,월요일,부산광역시 기장군 정관읍,경상사고,0,0,1,0,차대사람 - 횡단중,신호위반,건조,흐림,교차로 - 교차로횡단보도내,이륜,남,43세,상해없음,보행자,남,7세,경상
어린이사고,2022100300100339,2022년 10월 3일 18시,월요일,부산광역시 남구 대연동,부상신고사고,0,0,0,4,차대차 - 기타,신호위반,건조,맑음,교차로 - 교차로안,이륜,남,42세,상해없음,승용,여,42세,부상신고
어린이사고,2022100400100144,2022년 10월 4일 10시,화요일,부산광역시 남구 감만동,경상사고,0,0,3,0,차대차 - 추돌,안전거리미확보,건조,맑음,교차로 - 교차로부근,화물,남,63세,기타불명,승용,남,34세,경상
어린이사고,2022100500100356,2022년 10월 5일 16시,수요일,부산광역시 사하구 신평동,부상신고사고,0,0,0,4,차대차 - 기타,안전거리미확보,건조,맑음,단일로 - 기타,건설기계,남,50세,기타불명,승용,남,35세,부상신고
어린이사고,2.0221E+15,2022년 10월 6일 12시,목요일,부산광역시 부산진구 범천동,경상사고,0,0,4,0,차대차 - 기타,안전운전불이행,건조,맑음,교차로 - 교차로안,승용,남,48세,기타불명,승용,여,35세,경상
어린이사고,2022100600100426,2022년 10월 6일 18시,목요일,부산광역시 기장군 정관읍,경상사고,0,0,1,0,차대사람 - 기타,안전운전불이행,건조,맑음,기타 - 기타,승용,남,53세,상해없음,보행자,남,7세,경상
어린이사고,2022100700100416,2022년 10월 7일 16시,금요일,부산광역시 영도구 영선동2가,중상사고,0,1,0,0,차대사람 - 횡단중,보행자보호의무위반,건조,맑음,교차로 - 교차로부근,승용,남,33세,상해없음,보행자,여,9세,중상
어린이사고,2022100800100131,2022년 10월 8일 09시,토요일,부산광역시 강서구 신호동,경상사고,0,0,1,0,차대차 - 기타,보행자보호의무위반,건조,맑음,교차로 - 교차로횡단보도내,승용,남,44세,상해없음,자전거,남,6세,경상
어린이사고,2022100800100582,2022년 10월 8일 20시,토요일,부산광역시 기장군 정관읍,중상사고,0,4,3,0,차대차 - 추돌,안전운전불이행,건조,맑음,교차로 - 교차로부근,건설기계,남,55세,상해없음,승용,여,41세,중상
어린이사고,2022101000100167,2022년 10월 10일 13시,월요일,부산광역시 강서구 구랑동,경상사고,0,0,5,0,차대차 - 측면충돌,신호위반,건조,맑음,교차로 - 교차로안,승용,남,46세,상해없음,승용,남,32세,경상
어린이사고,2.0221E+15,2022년 10월 10일 14시,월요일,부산광역시 해운대구 반여동,경상사고,0,0,3,0,차대차 - 기타,신호위반,건조,맑음,교차로 - 교차로부근,원동기,남,68세,상해없음,승용,남,38세,상해없음
어린이사고,2.0221E+15,2022년 10월 11일 17시,화요일,부산광역시 기장군 장안읍,중상사고,0,1,0,0,차대사람 - 기타,안전운전불이행,건조,맑음,단일로 - 기타,승합,여,52세,상해없음,보행자,여,5세,중상
어린이사고,2022101100100574,2022년 10월 11일 19시,화요일,부산광역시 해운대구 좌동,경상사고,0,0,1,0,차대차 - 측면충돌,안전운전불이행,건조,맑음,교차로 - 교차로안,승용,남,33세,상해없음,자전거,남,11세,경상
어린이사고,2022101200100429,2022년 10월 12일 17시,수요일,부산광역시 동래구 온천동,경상사고,0,0,1,0,차대사람 - 차도통행중,안전운전불이행,건조,맑음,단일로 - 기타,화물,남,39세,상해없음,보행자,여,10세,경상
어린이사고,2022101200100475,2022년 10월 12일 18시,수요일,부산광역시 해운대구 반여동,중상사고,0,1,0,0,차대사람 - 기타,안전운전불이행,건조,맑음,단일로 - 기타,이륜,남,29세,상해없음,보행자,여,10세,중상
어린이사고,2022101500100199,2022년 10월 15일 12시,토요일,부산광역시 영도구 동삼동,경상사고,0,0,4,0,차대차 - 추돌,안전운전불이행,건조,맑음,단일로 - 지하차도(도로)내,승용,여,57세,상해없음,승용,여,31세,경상
어린이사고,2.0221E+15,2022년 10월 15일 12시,토요일,부산광역시 강서구 신호동,중상사고,0,1,0,0,차대사람 - 차도통행중,안전운전불이행,건조,맑음,교차로 - 교차로부근,승용,남,31세,상해없음,보행자,남,12세,중상
어린이사고,2022101600100399,2022년 10월 16일 19시,일요일,부산광역시 해운대구 좌동,경상사고,0,0,3,1,차대차 - 측면충돌,차로위반,건조,맑음,단일로 - 기타,이륜,남,50세,경상,승용,여,32세,경상
어린이사고,2022101800100174,2022년 10월 18일 10시,화요일,부산광역시 강서구 송정동,경상사고,0,0,2,0,차대차 - 기타,안전운전불이행,건조,맑음,단일로 - 기타,화물,남,62세,기타불명,승용,여,33세,경상
어린이사고,2022101800100362,2022년 10월 18일 15시,화요일,부산광역시 연제구 거제동,경상사고,0,0,1,0,차대차 - 측면충돌,교차로운행방법위반,건조,맑음,교차로 - 교차로횡단보도내,승용,남,27세,상해없음,자전거,남,8세,경상
어린이사고,2022102100100393,2022년 10월 21일 17시,금요일,부산광역시 수영구 광안동,경상사고,0,0,3,0,차대차 - 기타,기타,건조,맑음,기타 - 기타,승용,남,44세,경상,승용,여,76세,상해없음
어린이사고,2022102100100571,2022년 10월 21일 20시,금요일,부산광역시 연제구 연산동,경상사고,0,0,1,0,차대사람 - 횡단중,보행자보호의무위반,건조,맑음,단일로 - 기타,승용,여,56세,상해없음,보행자,남,11세,경상
어린이사고,2022102200100271,2022년 10월 22일 13시,토요일,부산광역시 해운대구 재송동,경상사고,0,0,4,0,차대차 - 기타,안전운전불이행,건조,맑음,교차로 - 교차로안,승용,남,39세,상해없음,승용,남,35세,경상
어린이사고,2022102200100273,2022년 10월 22일 13시,토요일,부산광역시 사상구 주례동,경상사고,0,0,2,0,차대차 - 측면충돌,안전운전불이행,건조,맑음,단일로 - 기타,승용,남,61세,기타불명,승용,여,48세,경상
어린이사고,2022102200100358,2022년 10월 22일 15시,토요일,부산광역시 금정구 구서동,중상사고,0,1,0,0,차대사람 - 기타,안전운전불이행,건조,맑음,단일로 - 기타,승용,여,55세,상해없음,보행자,남,7세,중상
어린이사고,2022102200100489,2022년 10월 22일 18시,토요일,부산광역시 강서구 명지동,경상사고,0,0,1,2,차대차 - 추돌,안전운전불이행,건조,맑음,교차로 - 교차로부근,기타불명,기타불명,미분류,기타불명,승용,여,45세,경상
어린이사고,2022102300100084,2022년 10월 23일 09시,일요일,부산광역시 서구 서대신동1가,중상사고,0,1,0,0,차대사람 - 횡단중,안전운전불이행,건조,맑음,단일로 - 기타,승용,여,68세,상해없음,보행자,여,8세,중상
어린이사고,2.0221E+15,2022년 10월 24일 21시,월요일,부산광역시 금정구 구서동,경상사고,0,0,2,0,차대차 - 기타,교차로운행방법위반,건조,맑음,단일로 - 교량,승용,여,35세,상해없음,승용,여,43세,경상
어린이사고,2022102500100086,2022년 10월 25일 08시,화요일,부산광역시 부산진구 개금동,경상사고,0,0,3,0,차대차 - 측면충돌,교차로운행방법위반,건조,맑음,교차로 - 교차로안,승용,여,22세,상해없음,승용,여,40세,경상
어린이사고,2022102500100328,2022년 10월 25일 15시,화요일,부산광역시 영도구 동삼동,중상사고,0,1,0,0,차대사람 - 횡단중,기타,건조,맑음,단일로 - 기타,승용,여,48세,상해없음,보행자,여,9세,중상
어린이사고,2022102500100435,2022년 10월 25일 17시,화요일,부산광역시 영도구 청학동,경상사고,0,0,1,0,차대사람 - 횡단중,안전운전불이행,건조,맑음,단일로 - 기타,화물,남,61세,상해없음,보행자,여,7세,경상
어린이사고,2022102500100596,2022년 10월 25일 20시,화요일,부산광역시 부산진구 범천동,경상사고,0,0,1,0,차대사람 - 기타,신호위반,건조,맑음,교차로 - 교차로안,화물,남,38세,상해없음,보행자,여,12세,경상
어린이사고,2022102500100597,2022년 10월 25일 20시,화요일,부산광역시 사하구 하단동,경상사고,0,0,3,0,차대차 - 정면충돌,안전운전불이행,건조,맑음,교차로 - 교차로부근,승용,남,50세,상해없음,승용,여,42세,경상
어린이사고,2022102700100366,2022년 10월 27일 15시,목요일,부산광역시 남구 문현동,중상사고,0,1,0,0,차대사람 - 보도통행중,보행자보호의무위반,건조,맑음,단일로 - 기타,승용,남,55세,상해없음,보행자,남,9세,중상
어린이사고,2022102700100447,2022년 10월 27일 17시,목요일,부산광역시 금정구 남산동,경상사고,0,0,1,0,차대사람 - 횡단중,보행자보호의무위반,건조,맑음,교차로 - 교차로안,승용,여,71세,상해없음,보행자,남,12세,경상
어린이사고,2022102700100448,2022년 10월 27일 17시,목요일,부산광역시 사하구 장림동,경상사고,0,0,1,0,차대사람 - 횡단중,안전운전불이행,건조,맑음,단일로 - 기타,승용,남,59세,기타불명,보행자,여,10세,경상
어린이사고,2022102700100505,2022년 10월 27일 18시,목요일,부산광역시 동래구 온천동,경상사고,0,0,1,0,차대차 - 기타,안전운전불이행,건조,맑음,단일로 - 기타,승용,여,59세,상해없음,자전거,남,11세,경상
어린이사고,2022102800100099,2022년 10월 28일 08시,금요일,부산광역시 해운대구 우동,경상사고,0,0,1,0,차대사람 - 횡단중,보행자보호의무위반,건조,맑음,교차로 - 교차로안,승용,남,75세,기타불명,보행자,남,9세,경상
어린이사고,2022102800100258,2022년 10월 28일 12시,금요일,부산광역시 해운대구 재송동,경상사고,0,0,1,0,차대사람 - 횡단중,보행자보호의무위반,건조,맑음,단일로 - 기타,이륜,남,22세,상해없음,보행자,남,7세,경상
어린이사고,2.0221E+15,2022년 10월 28일 20시,금요일,부산광역시 수영구 남천동,경상사고,0,0,3,1,차대차 - 측면충돌,신호위반,젖음/습기,비,교차로 - 교차로안,승용,남,20세,상해없음,승용,남,33세,경상
어린이사고,2022102900100536,2022년 10월 29일 20시,토요일,부산광역시 동구 범일동,경상사고,0,0,5,0,차대차 - 측면충돌,안전거리미확보,건조,맑음,교차로 - 교차로부근,승합,남,70세,상해없음,승용,남,33세,경상
어린이사고,2022103100100456,2022년 10월 31일 18시,월요일,부산광역시 강서구 명지동,경상사고,0,0,1,0,차대사람 - 횡단중,보행자보호의무위반,건조,맑음,교차로 - 교차로횡단보도내,승용,남,48세,상해없음,보행자,남,7세,경상
어린이사고,2022110100100059,2022년 11월 1일 07시,화요일,부산광역시 동구 초량동,경상사고,0,0,2,0,차대차 - 추돌,안전운전불이행,건조,맑음,단일로 - 기타,승용,여,30세,상해없음,승용,여,36세,경상
어린이사고,2.02211E+15,2022년 11월 2일 08시,수요일,부산광역시 사하구 장림동,경상사고,0,0,2,0,차대차 - 기타,안전운전불이행,건조,맑음,교차로 - 교차로부근,승용,남,72세,상해없음,승용,여,38세,경상
어린이사고,2022110200100415,2022년 11월 2일 17시,수요일,부산광역시 기장군 정관읍,경상사고,0,0,3,0,차대차 - 추돌,안전운전불이행,건조,맑음,단일로 - 고가도로위,화물,남,60세,경상,승용,여,68세,경상
어린이사고,2022110300100179,2022년 11월 3일 11시,목요일,부산광역시 해운대구 재송동,중상사고,0,1,1,1,차대차 - 기타,직진우회전진행방해,건조,맑음,교차로 - 교차로안,승용,여,35세,경상,이륜,남,64세,중상
어린이사고,2022110300100377,2022년 11월 3일 17시,목요일,부산광역시 사하구 하단동,경상사고,0,0,1,0,차대사람 - 횡단중,안전운전불이행,건조,맑음,단일로 - 기타,승용,남,29세,상해없음,보행자,남,9세,경상
어린이사고,2.02211E+15,2022년 11월 3일 17시,목요일,부산광역시 기장군 일광읍,경상사고,0,0,4,0,차대차 - 측면충돌,신호위반,건조,맑음,단일로 - 기타,승용,남,70세,상해없음,승용,남,38세,경상
어린이사고,2022110400100184,2022년 11월 4일 10시,금요일,부산광역시 서구 서대신동3가,중상사고,0,2,5,0,차대사람 - 기타,안전운전불이행,건조,맑음,단일로 - 기타,승용,남,59세,상해없음,보행자,여,41세,중상
어린이사고,2022110500100306,2022년 11월 5일 14시,토요일,부산광역시 금정구 구서동,경상사고,0,0,1,0,차대사람 - 횡단중,안전운전불이행,건조,맑음,단일로 - 기타,승용,남,74세,상해없음,보행자,남,9세,경상
어린이사고,2022110500100359,2022년 11월 5일 15시,토요일,부산광역시 연제구 연산동,경상사고,0,0,3,0,차대차 - 기타,안전거리미확보,건조,맑음,단일로 - 기타,화물,남,49세,상해없음,승용,남,44세,상해없음
어린이사고,2022110500100573,2022년 11월 5일 20시,토요일,부산광역시 해운대구 우동,경상사고,0,0,2,0,차대차 - 후진중충돌,안전운전불이행,건조,맑음,단일로 - 기타,승용,남,34세,상해없음,승용,여,44세,경상
어린이사고,2022110600100151,2022년 11월 6일 11시,일요일,부산광역시 남구 대연동,중상사고,0,1,3,0,차대차 - 측면충돌,안전운전불이행,건조,맑음,단일로 - 기타,승용,남,55세,기타불명,승용,남,40세,경상
어린이사고,2022110600100291,2022년 11월 6일 15시,일요일,부산광역시 영도구 동삼동,경상사고,0,0,2,0,차대차 - 기타,안전운전불이행,건조,맑음,교차로 - 교차로안,승합,남,33세,상해없음,승용,남,23세,경상
어린이사고,2022110600100384,2022년 11월 6일 18시,일요일,부산광역시 동구 초량동,경상사고,0,0,1,0,차대사람 - 횡단중,보행자보호의무위반,건조,맑음,단일로 - 기타,승용,남,66세,상해없음,보행자,남,5세,경상
어린이사고,2022110600100433,2022년 11월 6일 19시,일요일,부산광역시 사하구 구평동,경상사고,0,0,3,0,차대차 - 추돌,안전거리미확보,건조,맑음,교차로 - 교차로부근,승용,여,28세,상해없음,승용,남,40세,경상
어린이사고,2022110700100338,2022년 11월 7일 15시,월요일,부산광역시 해운대구 우동,중상사고,0,1,0,0,차대사람 - 횡단중,보행자보호의무위반,건조,맑음,교차로 - 교차로부근,화물,남,62세,상해없음,보행자,여,11세,중상
어린이사고,2022110900100335,2022년 11월 9일 16시,수요일,부산광역시 동구 초량동,중상사고,0,1,0,0,차대사람 - 횡단중,안전운전불이행,건조,맑음,단일로 - 기타,승용,남,53세,상해없음,보행자,여,10세,중상
어린이사고,2022110900100385,2022년 11월 9일 17시,수요일,부산광역시 영도구 동삼동,중상사고,0,1,0,0,차대사람 - 보도통행중,보행자보호의무위반,건조,흐림,단일로 - 지하차도(도로)내,화물,남,61세,상해없음,보행자,여,12세,중상
어린이사고,2022111000100356,2022년 11월 10일 16시,목요일,부산광역시 서구 서대신동3가,중상사고,0,1,5,0,차대차 - 측면충돌,직진우회전진행방해,건조,맑음,교차로 - 교차로안,승용,남,55세,경상,승합,남,73세,중상
어린이사고,2022111300100019,2022년 11월 13일 01시,일요일,부산광역시 강서구 구랑동,경상사고,0,0,1,3,차대차 - 기타,안전운전불이행,젖음/습기,비,단일로 - 기타,승용,남,30세,기타불명,승용,남,40세,부상신고
어린이사고,2022111300100154,2022년 11월 13일 12시,일요일,부산광역시 수영구 망미동,중상사고,0,1,2,0,차대차 - 측면충돌,직진우회전진행방해,건조,맑음,교차로 - 교차로안,승용,남,71세,상해없음,승용,남,46세,경상
어린이사고,2022111300100419,2022년 11월 13일 21시,일요일,부산광역시 금정구 장전동,경상사고,0,0,4,0,차대차 - 측면충돌,신호위반,건조,맑음,교차로 - 교차로안,승용,여,66세,경상,승합,여,47세,경상
어린이사고,2022111600100524,2022년 11월 16일 18시,수요일,부산광역시 연제구 거제동,경상사고,0,0,3,0,차대차 - 측면충돌,안전운전불이행,건조,맑음,단일로 - 기타,승용,여,47세,상해없음,승용,여,30세,경상
어린이사고,2022112000100168,2022년 11월 20일 13시,일요일,부산광역시 해운대구 재송동,경상사고,0,0,2,0,차대차 - 기타,안전운전불이행,기타,맑음,기타 - 기타,자전거,남,27세,경상,자전거,남,6세,경상
어린이사고,2022112000100321,2022년 11월 20일 18시,일요일,부산광역시 강서구 명지동,중상사고,0,1,0,0,차대사람 - 횡단중,보행자보호의무위반,건조,맑음,교차로 - 교차로횡단보도내,이륜,남,39세,상해없음,보행자,남,12세,중상
어린이사고,2022112300100351,2022년 11월 23일 17시,수요일,부산광역시 사하구 하단동,경상사고,0,0,3,0,차대차 - 측면충돌,교차로운행방법위반,건조,맑음,교차로 - 교차로안,승용,여,53세,기타불명,승용,여,33세,경상
어린이사고,2022112400100292,2022년 11월 24일 14시,목요일,부산광역시 사상구 학장동,경상사고,0,0,1,0,차대사람 - 횡단중,신호위반,건조,맑음,교차로 - 교차로안,승용,남,82세,상해없음,보행자,남,11세,경상
어린이사고,2022112800100305,2022년 11월 28일 15시,월요일,부산광역시 기장군 정관읍,경상사고,0,0,1,0,차대사람 - 횡단중,보행자보호의무위반,건조,맑음,교차로 - 교차로부근,승용,여,46세,상해없음,보행자,남,11세,경상
어린이사고,2022112800100345,2022년 11월 28일 16시,월요일,부산광역시 동래구 사직동,부상신고사고,0,0,0,1,차대사람 - 횡단중,안전운전불이행,건조,맑음,단일로 - 기타,승용,여,66세,상해없음,보행자,남,7세,부상신고
어린이사고,2022120100100417,2022년 12월 1일 18시,목요일,부산광역시 부산진구 부암동,경상사고,0,0,1,0,차대차 - 측면충돌,직진우회전진행방해,건조,맑음,교차로 - 교차로횡단보도내,승용,여,41세,상해없음,자전거,남,11세,경상
어린이사고,2022120100100509,2022년 12월 1일 21시,목요일,부산광역시 강서구 미음동,경상사고,0,0,3,0,차대차 - 측면충돌,신호위반,건조,맑음,교차로 - 교차로안,화물,남,51세,경상,승용,여,26세,경상
어린이사고,2022120200100296,2022년 12월 2일 14시,금요일,부산광역시 금정구 구서동,중상사고,0,1,1,0,차대사람 - 횡단중,보행자보호의무위반,건조,맑음,교차로 - 교차로횡단보도내,승용,남,61세,상해없음,보행자,여,75세,중상
어린이사고,2022120300100327,2022년 12월 3일 16시,토요일,부산광역시 금정구 장전동,경상사고,0,0,1,0,차대사람 - 횡단중,안전운전불이행,건조,맑음,단일로 - 기타,이륜,남,39세,상해없음,보행자,여,5세,경상
어린이사고,2022120500100189,2022년 12월 5일 13시,월요일,부산광역시 사하구 감천동,경상사고,0,0,1,0,차대사람 - 횡단중,보행자보호의무위반,건조,맑음,교차로 - 교차로부근,승용,여,55세,상해없음,보행자,남,6세,경상
어린이사고,2022120700100373,2022년 12월 7일 17시,수요일,부산광역시 해운대구 좌동,경상사고,0,0,2,0,차대차 - 측면충돌,안전거리미확보,건조,맑음,단일로 - 기타,승용,여,55세,상해없음,승용,여,35세,경상
어린이사고,2022120800100544,2022년 12월 8일 19시,목요일,부산광역시 남구 대연동,경상사고,0,0,3,0,차대차 - 측면충돌,신호위반,건조,맑음,교차로 - 교차로안,승용,남,37세,경상,승용,남,62세,경상
어린이사고,2022120900100254,2022년 12월 9일 14시,금요일,부산광역시 해운대구 좌동,경상사고,0,0,1,0,차대사람 - 보도통행중,보행자보호의무위반,건조,맑음,단일로 - 기타,기타불명,기타불명,미분류,기타불명,보행자,남,12세,경상
어린이사고,2022121000100247,2022년 12월 10일 13시,토요일,부산광역시 수영구 민락동,경상사고,0,0,1,0,차대사람 - 기타,안전운전불이행,건조,맑음,단일로 - 기타,승용,여,57세,상해없음,보행자,남,12세,경상
어린이사고,2022121100100169,2022년 12월 11일 13시,일요일,부산광역시 기장군 기장읍,중상사고,0,1,0,0,차대사람 - 횡단중,보행자보호의무위반,건조,맑음,단일로 - 기타,화물,남,63세,상해없음,보행자,남,7세,중상
어린이사고,2022121100100261,2022년 12월 11일 16시,일요일,부산광역시 사하구 다대동,경상사고,0,0,3,0,차대차 - 기타,교차로운행방법위반,건조,맑음,단일로 - 지하차도(도로)내,승용,남,66세,기타불명,승용,남,42세,경상
어린이사고,2022121200100181,2022년 12월 12일 12시,월요일,부산광역시 서구 서대신동3가,중상사고,0,1,1,0,차대사람 - 기타,기타,건조,맑음,단일로 - 기타,승용,여,53세,상해없음,보행자,여,30세,중상
어린이사고,2022121200100337,2022년 12월 12일 17시,월요일,부산광역시 동래구 사직동,중상사고,0,1,0,0,차대사람 - 횡단중,보행자보호의무위반,건조,맑음,교차로 - 교차로안,승용,여,43세,상해없음,보행자,남,12세,중상
어린이사고,2.02212E+15,2022년 12월 12일 18시,월요일,부산광역시 동래구 사직동,중상사고,0,1,0,0,차대사람 - 횡단중,안전운전불이행,건조,맑음,교차로 - 교차로안,승용,여,71세,상해없음,보행자,남,8세,중상
어린이사고,2022121300100393,2022년 12월 13일 18시,화요일,부산광역시 동래구 명장동,경상사고,0,0,5,0,차대차 - 추돌,안전운전불이행,건조,맑음,단일로 - 기타,승용,여,38세,상해없음,승용,남,33세,경상
어린이사고,2022121400100082,2022년 12월 14일 08시,수요일,부산광역시 금정구 남산동,경상사고,0,0,2,0,차대차 - 기타,중앙선침범,건조,맑음,기타 - 기타,이륜,남,66세,상해없음,승용,여,35세,경상
어린이사고,2022121400100501,2022년 12월 14일 18시,수요일,부산광역시 해운대구 석대동,경상사고,0,0,4,0,차대차 - 기타,안전거리미확보,건조,맑음,단일로 - 기타,승용,남,52세,상해없음,승용,남,35세,경상
어린이사고,2022121700100212,2022년 12월 17일 12시,토요일,부산광역시 부산진구 연지동,경상사고,0,0,4,0,차대차 - 측면충돌,교차로운행방법위반,건조,맑음,단일로 - 기타,이륜,여,56세,경상,승용,여,40세,경상
어린이사고,2022121700100214,2022년 12월 17일 12시,토요일,부산광역시 연제구 거제동,경상사고,0,0,1,0,차대차 - 측면충돌,안전운전불이행,건조,맑음,교차로 - 교차로부근,승용,여,34세,상해없음,자전거,남,9세,경상
어린이사고,2022122000100398,2022년 12월 20일 16시,화요일,부산광역시 서구 서대신동3가,경상사고,0,0,3,0,차대차 - 기타,안전거리미확보,건조,맑음,교차로 - 교차로부근,승용,남,68세,상해없음,승용,여,44세,경상
어린이사고,2022122000100443,2022년 12월 20일 17시,화요일,부산광역시 연제구 연산동,경상사고,0,0,1,0,차대사람 - 기타,안전운전불이행,건조,맑음,단일로 - 기타,원동기,남,19세,상해없음,보행자,남,8세,경상
어린이사고,2022122300100304,2022년 12월 23일 16시,금요일,부산광역시 동래구 명륜동,경상사고,0,0,3,0,차대차 - 추돌,안전거리미확보,건조,맑음,단일로 - 기타,특수,남,63세,상해없음,승용,남,33세,경상
어린이사고,2022122300100382,2022년 12월 23일 18시,금요일,부산광역시 강서구 명지동,경상사고,0,0,1,0,차대사람 - 보도통행중,신호위반,건조,맑음,단일로 - 기타,승용,남,56세,상해없음,보행자,남,7세,경상
어린이사고,2022122400100128,2022년 12월 24일 11시,토요일,부산광역시 동구 초량동,중상사고,0,1,1,0,차대사람 - 횡단중,보행자보호의무위반,건조,맑음,교차로 - 교차로횡단보도내,화물,남,68세,상해없음,보행자,남,61세,중상
어린이사고,2.02212E+15,2022년 12월 24일 14시,토요일,부산광역시 수영구 광안동,중상사고,0,1,2,0,차대차 - 추돌,안전운전불이행,건조,맑음,단일로 - 터널,화물,남,69세,상해없음,승용,여,48세,경상
어린이사고,2022122800100384,2022년 12월 28일 17시,수요일,부산광역시 금정구 부곡동,경상사고,0,0,4,0,차대차 - 측면충돌,안전운전불이행,건조,맑음,교차로 - 교차로안,승용,여,39세,경상,승용,남,55세,경상
어린이사고,2022122800100527,2022년 12월 28일 20시,수요일,부산광역시 동구 수정동,경상사고,0,0,1,0,차대사람 - 횡단중,보행자보호의무위반,건조,맑음,단일로 - 기타,승용,남,51세,상해없음,보행자,남,9세,경상
어린이사고,2022122900100336,2022년 12월 29일 16시,목요일,부산광역시 부산진구 가야동,경상사고,0,0,1,0,차대사람 - 횡단중,안전운전불이행,건조,맑음,단일로 - 기타,이륜,남,29세,상해없음,보행자,남,11세,경상
어린이사고,2.02212E+15,2022년 12월 30일 12시,금요일,부산광역시 기장군 정관읍,경상사고,0,0,2,0,차대차 - 측면충돌,신호위반,건조,맑음,교차로 - 교차로부근,승용,여,48세,기타불명,승용,여,39세,경상
어린이사고,2022123000100435,2022년 12월 30일 17시,금요일,부산광역시 수영구 광안동,중상사고,0,1,1,1,차대차 - 추돌,안전거리미확보,건조,맑음,단일로 - 기타,승용,남,37세,경상,승용,남,38세,중상